question,предмет,выбор,отвечать,sheet,loss,zlib,mink_0.1,mink_0.2,mink_0.3,mink_0.4,mink_0.5,mink_0.6,mink_0.7,mink_0.8,mink_0.9,mink_1.0,minkpp_0.1,minkpp_0.2,minkpp_0.3,minkpp_0.4,minkpp_0.5,minkpp_0.6,minkpp_0.7,minkpp_0.8,minkpp_0.9,minkpp_1.0
" Если психолог выступает одновременно свидетелем со стороны истца и экспертом в суде в уголовном процессе, то она совершила следующие действия:", профессиональная_психология," [«неэтично, принимая на себя двойную роль». «этично, если у нее не было предварительных отношений с истцом». «этично, если она уточнит свои роли со всеми сторонами». «этично, если она получит разрешение суда».]",2,Sheet1,-2.8723032474517822,-0.017303031611155314,-8.177083015441895,-7.213541507720947,-6.607638835906982,-5.841145992279053,-5.224999904632568,-4.595486164093018,-4.046131134033203,-3.5852458477020264,-3.1911439895629883,-2.872288942337036,-3.046875,-2.1861979961395264,-1.671875,-1.3253580331802368,-1.0601277351379395,-0.8660244345664978,-0.7151954174041748,-0.5691553950309753,-0.4345906674861908,-0.29972535371780396
 Каким образом точка зрения на терроризм влияет на ответные меры правительства?, исследования безопасности,"['В рамках концепции «рецепта болезни» пакеты реформ становятся частью ответных мер правительства, направленных на снижение привлекательности террористической группы среди населения. Однако реформы могут поощрять террористов к продолжению насильственной деятельности, поскольку они получают за это вознаграждение. В этих условиях реформы могут стать уступками, подпитывающими насилие, а не механизмом его прекращения. Также ясно, что реформы могут не устранить присутствие терроризма.' 'Современные меры реагирования на терроризм принимаются в контексте аналогии с войной против террора, в которой преобладают нормы возмездия и наказания. В этом взгляде подразумевается оправдание превентивных действий, предпринимаемых против учебных центров, штаб-квартир, источников финансирования и даже убийства ключевых лиц.' 'Хотя аналогия с войной предполагает сдерживание, сдерживание более важно для системы правосудия. В обычном уголовном контексте степень превентивных мер, доступных в данном случае, ограничивается задержанием подозреваемых или судебным преследованием.' 'Все эти варианты.' Реакция на террористические атаки различается как в явной, так и в неявной форме, в зависимости от того, рассматривается ли война как война, преступление или болезнь.",3,Sheet1,-2.9241573810577393,-0.027328573654745225,-10.0625,-8.84375,-7.8203125,-6.3984375,-5.3916015625,-4.970486164093018,-4.219105243682861,-3.8866374492645264,-3.340916156768799,-2.924274444580078,-1.6015625,-1.0735677480697632,-0.859619140625,-0.5487467646598816,-0.364501953125,-0.2864583432674408,-0.1640625,-0.1140950545668602,0.01018415205180645,0.1490478515625
"Джорджа обвинили в убийстве известного преступника. Жертва была найдена застреленной в своей машине. Единственным свидетелем убийства был домашний попугай жертвы, который кружил над телом и снова и снова повторял: «Джордж, не надо… Джордж, не надо». Чтобы доказать личность убийцы, обвинение представило свидетеля, который заявил, что примерно в то время, когда произошло убийство, он находился в этом районе и слышал, как попугай жертвы звал Джорджа по имени. Главное возражение против этих показаний заключается в том, что они…", профессиональное_право, ['слухи'. 'не имеет отношения к делу'. 'мнение'. 'предвзятое мнение'.],1,Sheet1,-1.9602508544921875,-0.00459075141567257,-8.49759578704834,-6.845486164093018,-5.526676654815674,-4.525284290313721,-3.792402744293213,-3.2721750736236572,-2.8138225078582764,-2.4580190181732178,-2.1806888580322266,-1.959459662437439,-2.003605842590332,-1.3396990299224854,-0.8990158438682556,-0.6600880026817322,-0.50794917345047,-0.3994814157485962,-0.29456233978271484,-0.19981051981449127,-0.11103402078151703,-0.013775590807199478
Могут ли страны использовать свое внутреннее законодательство в качестве предлога для нарушения своих обязательств в соответствии с международным правом?, международное право, ['Внутреннее право всегда имеет приоритет над международным правом' 'Только обычное международное право имеет приоритет над внутренним правом' 'Обязательства по международному праву имеют приоритет над внутренним правом' 'Конституционные обязательства всегда имеют приоритет над обязательствами по международному праву'],2,Sheet1,-1.8322547674179077,-0.01084174418590478,-7.28125,-5.525000095367432,-4.7109375,-4.28125,-3.623497486114502,-3.0556640625,-2.736328125,-2.3550851345062256,-2.0623157024383545,-1.8331694602966309,-1.154296875,-0.827343761920929,-0.61639404296875,-0.501678466796875,-0.3799344599246979,-0.2890739440917969,-0.2392679899930954,-0.1632806658744812,-0.08631134033203125,0.010373716242611408
"30-летняя нерожавшая женщина обратилась в клинику с жалобами на перепады настроения. Она сообщила, что в течение последних нескольких месяцев испытывает тревогу, гиперактивность и бессонницу за 3-4 дня до начала менструации. Также она отметила, что в день начала менструации у нее возникает острая депрессия, анорексия, раздражительность и вялость. Психиатрических заболеваний в анамнезе нет. Результаты физического осмотра в норме. Она и ее муж пытаются зачать ребенка более 2 лет. В анамнезе отмечается проведенная около года назад тубопластика для коррекции закупорки маточной трубы. Наиболее вероятный диагноз:", профессиональная_медицина," ['расстройство адаптации с депрессивным настроением' 'биполярное расстройство I типа, смешанное' 'циклотимическая личность' 'генерализованное тревожное расстройство']",0,Sheet1,-1.8796566724777222,-0.0035331892339806807,-7.712500095367432,-6.3729166984558105,-5.17391300201416,-4.278048038482666,-3.5783278942108154,-3.07670259475708,-2.6879379749298096,-2.3525569438934326,-2.0975749492645264,-1.8796449899673462,-2.6265625953674316,-1.6833984851837158,-1.108508586883545,-0.8258606791496277,-0.6279558539390564,-0.4786118268966675,-0.3561355769634247,-0.24986551702022552,-0.15938535332679749,-0.05247477814555168
" Под каким углом к горизонтали следует запускать идеальный снаряд, чтобы его горизонтальное перемещение (дальность полета) было равно его максимальному вертикальному перемещению?", физика в старшей школе, ['sin–1 (1/г)' 'cos–1 (1/г)' '45°' 'tan–1 4'],3,Sheet1,-1.4822546243667603,-0.008012187158739244,-7.04296875,-5.09375,-4.13671875,-3.4482421875,-2.9281249046325684,-2.5100505352020264,-2.1650826930999756,-1.8968563079833984,-1.6860945224761963,-1.4804731607437134,-1.5546875,-0.94793701171875,-0.6285197138786316,-0.4620361328125,-0.3587890565395355,-0.2780354917049408,-0.2079380601644516,-0.1358642578125,-0.0602756068110466,0.05635480210185051
 Вирулентность полиовируса наиболее легко повышается за счет какого из следующих процессов?, вирусология, ['Мутация РНК-генома всего в нескольких позициях' 'Рекомбинация с другим энтеровирусом' 'Изменение его белковой оболочки' 'Множественные делеции и замены нуклеотидов'],0,Sheet1,-3.1632165908813477,-0.025928004843289734,-9.25,-8.46875,-7.606249809265137,-6.473214149475098,-5.597222328186035,-5.251562595367432,-4.655599117279053,-4.0408759117126465,-3.55889892578125,-3.166447877883911,-2.890625,-1.75,-1.2820312976837158,-0.9898158311843872,-0.7484266757965088,-0.654248058795929,-0.4949137270450592,-0.3628278374671936,-0.257415771484375,-0.1583930104970932
 Правовой основой для эскалации участия Соединенных Штатов во Вьетнамской войне стало следующее:, разнообразный," ['объявление войны Конгрессом' 'принятие Конгрессом резолюции по Тонкинскому заливу' 'резолюция Организации Объединенных Наций, осуждающая вторжение Северного Вьетнама в Южный Вьетнам' 'положения о взаимной обороне Организации Североатлантического договора (НАТО)']",1,Sheet1,-2.0531835556030273,-0.016425468444824218,-8.125,-6.099999904632568,-5.3526787757873535,-4.596875190734863,-3.927283763885498,-3.5104167461395264,-2.957655191421509,-2.66534423828125,-2.3193771839141846,-2.0517566204071045,-1.48828125,-0.9691406488418579,-0.7041974663734436,-0.48688966035842896,-0.3590839207172394,-0.2973388731479645,-0.2225545197725296,-0.169830322265625,-0.07617717981338501,0.04814734682440758
"15-летний подросток, выглядящий старше своих лет, купил автомобиль у частного продавца. Подросток внес первоначальный взнос в размере 2000 долларов и согласился выплатить оставшиеся 4000 долларов в рассрочку в течение следующих двух лет. Автомобиль был необходим ему для работы, так как у него не было других средств к существованию. Позже подросток попал в аварию на этом автомобиле. Он отказался от договора, вернул поврежденный автомобиль и потребовал вернуть свой первоначальный взнос. Имеет ли продавец право на получение какой-либо компенсации в этом деле?", профессиональное_право," «Нет, продавец обязан вернуть задаток, поскольку несовершеннолетний заявил о своем несогласии с договором». «Продавец не может оставить задаток себе и не может получить никакой другой выгоды от сделки». «Продавец может подать в суд на несовершеннолетнего за введение в заблуждение и мошенничество, выразившееся в сокрытии его возраста до покупки автомобиля». «В рамках иска о возмещении ущерба продавец может получить только разумную стоимость использования автомобиля».",3,Sheet1,-1.7420375347137451,-0.003778823285713113,-6.98557710647583,-5.577546119689941,-4.613185882568359,-3.919886350631714,-3.3489582538604736,-2.9006526470184326,-2.499659299850464,-2.1861684322357178,-1.9396566152572632,-1.742879867553711,-2.301081657409668,-1.3804253339767456,-0.9299688339233398,-0.6862415671348572,-0.5301973819732666,-0.4209177792072296,-0.3197898864746094,-0.2342740148305893,-0.15346699953079224,-0.06203737109899521
" Когда кислород становится недоступным, этот процесс восстанавливает НАД+, позволяя дыханию продолжаться.", биология для старшей школы, ['Гликолиз' 'Хемиосмос' 'Барменование' 'Цикл Кальвина'],2,Sheet1,-2.566973924636841,-0.018467438306739862,-9.125,-7.65625,-6.552083492279053,-5.5234375,-4.720312595367432,-4.0947265625,-3.588169574737549,-3.186767578125,-2.8508028984069824,-2.5661118030548096,-1.53515625,-1.133544921875,-0.7573445439338684,-0.5542755126953125,-0.3961547911167145,-0.2674662172794342,-0.1695469468832016,-0.07047271728515625,0.0256822369992733,0.11608276516199112
" Международная торговля почти всегда выгодна обеим странам, так почему же страны пытаются защитить свои фирмы от влияния мирового рынка?", внешняя политика США," ['Иррациональность со стороны руководства', 'Издержки свободной торговли сосредоточены в одной стране, а выгоды распределены между разными странами', 'Тип режима', 'Международные конфликты препятствуют торговле']",1,Sheet1,-2.788836717605591,-0.01743022948503494,-8.6875,-7.037499904632568,-6.4151787757873535,-5.528124809265137,-5.053385257720947,-4.4083333015441895,-3.997702121734619,-3.470458984375,-3.1650168895721436,-2.788867235183716,-3.3828125,-1.935937523841858,-1.5452009439468384,-1.073602318763733,-0.8679758906364441,-0.6449666619300842,-0.5273832678794861,-0.3732757568359375,-0.2814580798149109,-0.14408935606479645
" Утверждение 1 | Классификация CIFAR-10 с помощью сверточных нейронных сетей может превышать 95%. Утверждение 2 | Ансамбли нейронных сетей не улучшают точность классификации, поскольку изучаемые ими представления сильно коррелированы.", машинное обучение," ['Истина, Истина' 'Ложь, Ложь' 'Истина, Ложь' 'Ложь, Истина']",2,Sheet1,-2.2082338333129883,-0.009162795988850574,-8.973958015441895,-7.169270992279053,-5.965277671813965,-5.150390625,-4.2815022468566895,-3.6743032932281494,-3.179460287094116,-2.79249906539917,-2.4887118339538574,-2.207728147506714,-1.82421875,-1.2952474355697632,-0.9430779218673706,-0.6963017582893372,-0.5218800902366638,-0.4163735806941986,-0.3266388773918152,-0.24327492713928223,-0.16208384931087494,-0.056397467851638794
 Почему пациенту может потребоваться трахеостомия?, клинические_знания, ['Для восстановления голосовых связок после паралича'. 'Для облегчения глотания'. 'В качестве вспомогательного средства при отлучении пациентов от аппарата искусственной вентиляции легких'. 'Перед операцией на шее'.],2,Sheet1,-2.144270181655884,-0.026149636361657118,-9.5,-8.5625,-7.09375,-5.8046875,-4.211588382720947,-3.666294574737549,-3.21466064453125,-2.860053062438965,-2.574047803878784,-2.1450397968292236,-0.984375,-0.8125,-0.5343831181526184,-0.394622802734375,-0.2501017153263092,-0.1953996866941452,-0.1453399658203125,-0.0827501118183136,-0.02955322340130806,0.091583251953125
"Один бейсбольный болельщик купил два билета на бейсбольный матч Мировой серии. Он связался со своим лучшим другом и пригласил его на игру. Друг, будучи ярым поклонником бейсбола, с радостью согласился. Болельщик сказал другу, что игра начинается в 19:00, и что он заберет его примерно в 17:00, чтобы они могли приехать пораньше и посмотреть разминку перед игрой. Они ехали на игру вместе, когда болельщик резко ускорился, чтобы пересечь перекресток, когда светофор переключался с желтого на красный. Подъезжая к перекрестку, он ехал со скоростью 80 км/ч, хотя разрешенная скорость составляла 40 км/ч. В это же время на перекресток въехала машина на красный свет и столкнулась с автомобилем болельщика. В результате столкновения друг получил перелом таза. В данной юрисдикции принят следующий «модифицированный» закон о сравнительной вине: «Истец, допустивший небрежность, имеет право на возмещение ущерба при условии, что небрежность истца не равна или не превышает небрежность ответчика; в противном случае возмещение ущерба не допускается». Предположим, друг подает иск против водителя автомобиля, въехавшего на перекресток на красный свет, с целью взыскания компенсации за причиненный ему ущерб. Присяжные вынесли специальный вердикт со следующими выводами: (1) Пострадавший на 55 процентов допустил небрежность, превысив скорость; (2) Водитель допустил небрежность на 45 процентов, проехав на красный свет; и (3) Друг понес ущерб в размере 100 000 долларов. В результате суд должен вынести решение в пользу друга на сумму...",профессиональное_право," ['100 000,00' '55 000,00' '45 000,00' 'ничего, потому что вентилятор был более небрежен, чем водитель.']",0,Sheet1,-1.4839367866516113,-0.0014268622948573186,-6.377906799316406,-5.074353218078613,-4.162511825561523,-3.450535774230957,-2.901050567626953,-2.462329864501953,-2.1188042163848877,-1.8552041053771973,-1.6487454175949097,-1.4834953546524048,-2.085392475128174,-1.288243055343628,-0.8601438999176025,-0.6370013356208801,-0.4940732419490814,-0.38491374254226685,-0.2927457392215729,-0.2049943506717682,-0.1219291239976883,-0.03209952265024185
 Наилучшее определение городской территории — это...,география для старшей школы, ['Центральный город и его застроенные районы.' 'Центральный город и его окрестности.' 'Центральный город и его окрестности.' 'Центральный город и прилегающие районы.'],1,Sheet1,-4.595698833465576,-0.05343835852866949,-9.5,-9.5,-8.75,-8.0625,-7.6015625,-7.106249809265137,-6.419270992279053,-5.792410850524902,-5.13525390625,-4.59678840637207,-1.03125,-1.03125,-0.90625,-0.7408854365348816,-0.611572265625,-0.5298827886581421,-0.4685872495174408,-0.3313336968421936,-0.2122802734375,-0.1110026016831398
" Акцент на проблемах, целевая аудитория, выходящая за рамки акционеров, и добровольный характер ___________ отличают его от _________.", деловая_этика,"['Финансовый учет, Инициативы в области экологического менеджмента' 'Финансовый учет, Социальный учет' 'Социальный учет, Финансовый учет' 'Публикация годового отчета, Социальный учет']",2,Sheet1,-3.267301559448242,-0.02222654122073634,-10.958333015441895,-9.59375,-8.23611068725586,-7.200520992279053,-5.953125,-5.266036033630371,-4.666193008422852,-4.163437366485596,-3.7303466796875,-3.26715087890625,-1.9947916269302368,-1.4609375,-1.1550564765930176,-0.87890625,-0.631134033203125,-0.49766138195991516,-0.3914905786514282,-0.2910742163658142,-0.1862269788980484,-0.0135345458984375
"Какова работа, необходимая для зарядки конденсатора емкостью 10 мкФ до разности потенциалов 100 В?", физика в старшей школе," ['0,005 Дж' '0,01 Дж' '0,05 Дж' '0,1 Дж']",2,Sheet1,-0.9515823125839233,-0.007208956913514571,-5.59375,-4.1796875,-3.0338542461395264,-2.3380534648895264,-1.8916341066360474,-1.5831230878829956,-1.3584420680999756,-1.1892852783203125,-1.0571424961090088,-0.951428234577179,-2.8567707538604736,-1.6641820669174194,-1.1014251708984375,-0.8133328557014465,-0.6350087523460388,-0.5106192827224731,-0.4040054976940155,-0.30964088439941406,-0.2257571816444397,-0.14087677001953125
 Какой из следующих вариантов завершает следующее утверждение? «Правый предсердно-желудочковый клапан…», анатомия, ['является полулунным клапаном' 'предотвращается от выворачивания папиллярными мышцами' 'открыт во время систолы' 'предотвращает возврат крови из легочного ствола при расслаблении сердца'],1,Sheet1,-2.4862866401672363,-0.017386619861309346,-9.71875,-7.7265625,-6.5089287757873535,-5.75868034362793,-4.737630367279053,-4.17578125,-3.704345703125,-3.1391987800598145,-2.840968608856201,-2.4858474731445312,-3.6015625,-2.55078125,-1.5773141384124756,-1.2186483144760132,-0.8924611210823059,-0.727020263671875,-0.5908546447753906,-0.4286884367465973,-0.3277791440486908,-0.18003590404987335
" Полимеразная цепная реакция, или ПЦР, — это метод, который", медицинская генетика," ['использовался для демонстрации ДНК как генетического материала', 'используется для определения содержания минералов в образце почвы', 'использует короткие ДНК-праймеры и термостабильную ДНК-полимеразу для репликации специфических последовательностей ДНК in vitro', 'измеряет скорость переноса рибосом во время трансляции']",2,Sheet1,-1.1850534677505493,-0.012742510405919885,-4.8125,-4.322916507720947,-3.090625047683716,-2.7643229961395264,-2.31396484375,-1.95703125,-1.8135653734207153,-1.549091100692749,-1.3435832262039185,-1.1855145692825317,-0.796875,-0.3610636293888092,-0.19246825575828552,-0.1469624787569046,-0.05138397216796875,0.03272094577550888,0.08017244935035706,0.15948486328125,0.24655355513095856,0.3237053453922272
" В каком из этих двух сценариев главный герой (использующий местоимения «я/мне/мой») совершает явно аморальный поступок, согласно общепринятым моральным нормам в США по состоянию на 2020 год? Сценарий 1 | Мне пришлось застрелить пантеру, потому что она раздражала моего сына. Сценарий 2 | Я насыпал миску хлопьев своему маленькому сыну.", моральные_сценарии," ['Неправильно, неправильно' 'Неправильно, не неправильно' 'Не неправильно, неправильно' 'Не неправильно, не неправильно']",1,Sheet1,-2.047098398208618,-0.006184587305766218,-9.175000190734863,-7.083333492279053,-5.969758033752441,-4.844307899475098,-4.0002946853637695,-3.4206504821777344,-2.928011417388916,-2.5829010009765625,-2.2844016551971436,-2.0473411083221436,-2.5953125953674316,-1.5775437355041504,-1.0628937482833862,-0.7709786295890808,-0.5916448831558228,-0.4644523561000824,-0.35199469327926636,-0.2587512731552124,-0.16748303174972534,-0.07440991699695587
" Высокая энтропия означает, что разбиения в классификации являются", машинное обучение, ['чистый' 'нечистый' 'полезный' 'бесполезный'],1,Sheet1,-2.648552656173706,-0.026485526561737062,-8.125,-7.166666507720947,-6.359375,-5.4140625,-5.020089149475098,-4.209635257720947,-3.8511719703674316,-3.2801105976104736,-3.049579381942749,-2.647524118423462,-3.359375,-1.5911458730697632,-1.1754150390625,-0.7247721552848816,-0.5832868218421936,-0.3618706464767456,-0.27294921875,-0.1210123673081398,-0.0576171875,0.08444010466337204
"Данный вопрос относится к следующей информации. «Задача на следующие полвека — проявить мудрость в использовании богатства для обогащения и возвышения нашей национальной жизни, а также для повышения качества нашей американской цивилизации… Великое общество основано на изобилии и свободе для всех. Оно требует искоренения бедности и расовой несправедливости, чему мы полностью привержены в наше время. Но это только начало. Великое общество — это место, где каждый ребенок может найти знания, которые обогатят его ум и расширят его таланты. Это место, где досуг — это желанная возможность для созидания и размышлений, а не страшная причина скуки и беспокойства. Это место, где город человека служит не только потребностям тела и требованиям торговли, но и стремлению к красоте и жажде общения. Это место, где человек может возобновить контакт с природой. Это место, которое чтит творение ради него самого и за то, что оно добавляет к пониманию человечества. Это место, где люди больше заботятся о качестве своих целей, чем о количестве своих благ. Но прежде всего, Великое общество — это не безопасная гавань, не место отдыха, не конечная цель, «Завершенное произведение. Это постоянно обновляющийся вызов, манящий нас к судьбе, где смысл нашей жизни соответствует чудесным результатам нашего труда». Линдон Джонсон, выступление в Мичиганском университете, Анн-Арбор, 1964 год. Все перечисленное ниже было частью программы Джонсона «Великое общество», КРОМЕ",история США в старшей школе, [«Закон о гражданских правах 1964 года» «Медикейр и Медикаид» «Создание Министерства жилищного строительства и городского развития» «Мандат сбалансированного бюджета»],3,Sheet1,-2.434943675994873,-0.002323419538163047,-8.676785469055176,-7.257589340209961,-6.214475154876709,-5.367132186889648,-4.5798020362854,-3.9680683612823486,-3.4679198265075684,-3.042832374572754,-2.7102346420288086,-2.4347054958343506,-2.182142972946167,-1.6038504838943481,-1.1827093362808228,-0.8829077482223511,-0.6841330528259277,-0.5407012104988098,-0.41887712478637695,-0.3095591068267822,-0.21077704429626465,-0.10436459630727768
" Определите антецедент следующего условного утверждения: Университет повышает плату за обучение тогда и только тогда, когда и губернатор одобряет это, и попечительский совет рекомендует это.", формальная_логика, ['Университет повышает плату за обучение.' 'Губернатор одобряет это.' 'Попечительский совет рекомендует это.' 'Ничего из вышеперечисленного'],3,Sheet1,-2.208942174911499,-0.011327908589289738,-9.359375,-7.81640625,-6.703125,-5.384420871734619,-4.431082725524902,-3.7645702362060547,-3.1607666015625,-2.7916367053985596,-2.498802661895752,-2.2082440853118896,-1.9296875,-1.39599609375,-1.0230712890625,-0.7175346612930298,-0.5679917335510254,-0.4580114781856537,-0.34733378887176514,-0.26407667994499207,-0.19331037998199463,-0.10901375859975815
" Этот вопрос относится к следующей информации: «Мы приходим к выводу, что в сфере государственного образования доктрина «раздельное, но равное» не имеет места. Раздельные образовательные учреждения по своей сути неравны. Поэтому мы считаем, что истцы и другие лица, находящиеся в аналогичном положении, от имени которых были поданы иски, в силу оспариваемой сегрегации лишены равной защиты закона, гарантированной Четырнадцатой поправкой». Браун против Совета по образованию, 1954. Что из перечисленного лучше всего отражает последствия описанного выше юридического решения?", история США в старшей школе,"[«Продолжающееся сопротивление белого населения замедлило усилия по десегрегации, вызвав серию социальных конфликтов на всем Юге». «Решение Верховного суда по делу Браун против Совета по образованию привело к увеличению числа студентов в колледжах и университетах». «В 1960-х годах все большее число выпускников средних школ отвергали идею о желательности высшего образования». «В двадцатом веке для работы в передовых технических и медицинских отраслях, как правило, требовалось послевузовское образование».]",0,Sheet1,-1.9498635530471802,-0.003771496234133811,-7.3370537757873535,-5.957589149475098,-5.09188985824585,-4.3662109375,-3.752678632736206,-3.2210984230041504,-2.795011520385742,-2.452850341796875,-2.181786060333252,-1.949846625328064,-1.7647879123687744,-1.1505650281906128,-0.7836478352546692,-0.5733795166015625,-0.4344220757484436,-0.3243509829044342,-0.22456328570842743,-0.12926700711250305,-0.0410882867872715,0.07132802158594131
"Этот вопрос относится к следующей информации. Прочитайте следующую цитату, чтобы ответить на вопросы. Различные формы богослужения, преобладавшие в римском мире, считались народом одинаково истинными; философом — одинаково ложными; а магистратом — одинаково полезными. Эдвард Гиббон, «Упадок и падение Римской империи», 1776–1788. Интерпретация состояния религиозных верований в Древнем Риме, предложенная английским историком XVIII века Эдвардом Гиббоном, может быть представлена в качестве доказательства того, что", история Европы в старшей школе," [«монополия духовенства на академическую науку в Британии XVIII века», «ненависть ко всему римскому со стороны британских ученых в XVIII веке», «распространение религиозного скептицизма среди образованной элиты Британии в XVIII веке», «нехватка источников, доступных ученым XVIII века для изучения древнеримской цивилизации»]",2,Sheet1,-1.913398027420044,-0.004097212050149987,-8.881696701049805,-6.875,-5.558139324188232,-4.528960227966309,-3.767225503921509,-3.165858507156372,-2.7396299839019775,-2.389274835586548,-2.1328046321868896,-1.9121695756912231,-2.6668527126312256,-1.6695177555084229,-1.1372045278549194,-0.8297563791275024,-0.6461912989616394,-0.5031360983848572,-0.39419659972190857,-0.2907579243183136,-0.2030603289604187,-0.09926852583885193
 Что из перечисленного ниже увеличит скорость диффузии газа между альвеолами легких и кровью внутри легочного капилляра?, колледж_биология,"['Уменьшение градиента парциального давления газа' 'Уменьшение растворимости газа в воде' 'Увеличение общей площади поверхности, доступной для диффузии' 'Уменьшение скорости кровотока через легочные капилляры']",2,Sheet1,-2.1287295818328857,-0.014286775716999232,-8.895833015441895,-6.546875,-5.560763835906982,-4.903645992279053,-4.199739456176758,-3.5267741680145264,-3.0350632667541504,-2.6588516235351562,-2.364000082015991,-2.1276001930236816,-2.9635417461395264,-2.2005207538604736,-1.6106228828430176,-1.2013448476791382,-0.9494384527206421,-0.7714504599571228,-0.6279006004333496,-0.5169423222541809,-0.42463740706443787,-0.3041137754917145
" Как происходит стимуляция клеток, вырабатывающих антитела?", вирусология," ['Взаимодействие с коротким пептидом вируса' 'Взаимодействие с Т-хелперной клеткой' 'Взаимодействие с плазматической клеткой' 'Взаимодействие с клеткой, инфицированной вирусом']",1,Sheet1,-2.3580005168914795,-0.0243092836792936,-8.5625,-7.53125,-6.53125,-5.815625190734863,-4.6953125,-4.12310791015625,-3.665849447250366,-3.000746250152588,-2.7513325214385986,-2.3582851886749268,-0.94140625,-0.5673828125,-0.33734130859375,-0.2604003846645355,-0.16943359375,-0.13995361328125,-0.1144205704331398,-0.057040128856897354,-0.0011800130596384406,0.104736328125
" Нервная анорексия — это опасное для жизни заболевание, которое может привести к необратимым физиологическим изменениям (например, к хрупкости костей) и даже к смерти. У кого из следующих людей наиболее высока вероятность развития этого заболевания?", психология старшей школы,"['Мария, 16-летняя девушка европеоидной расы, отличница и талантливая музыкантка, но чувствующая, что ее жизнь вышла из-под контроля'; 'Летисия, 15-летняя афроамериканка, отличница и выдающаяся спортсменка, а также заядлая читательница'; 'Роза, 26-летняя латиноамериканка, только что получившая юридическое образование, испытывает трудности с погашением долгов за обучение и поиском работы'; 'Вирджиния, 14-летняя девушка европеоидной расы, отличница, ведет беспорядочную половую жизнь и экспериментирует с наркотиками']",0,Sheet1,-1.604886770248413,-0.006125522023848905,-5.800000190734863,-5.068181991577148,-4.2392578125,-3.59375,-3.0645925998687744,-2.6720526218414307,-2.2938451766967773,-2.041215419769287,-1.7972021102905273,-1.604644775390625,-1.435156226158142,-0.8645241260528564,-0.6014823913574219,-0.42615023255348206,-0.3157021701335907,-0.23991809785366058,-0.15498077869415283,-0.09067188948392868,-0.013580322265625,0.08692605048418045
" Пэт подбрасывает баскетбольный мяч 25 раз за 30 секунд. При такой скорости, приблизительно сколько раз Пэт подбросит мяч за 150 секунд?", элементарная_математика, ['120' '125' '144' '145'],1,Sheet1,-1.816551685333252,-0.012110344568888346,-7.7265625,-6.515625,-5.189453125,-4.136948585510254,-3.5355281829833984,-3.064140558242798,-2.5892903804779053,-2.296113967895508,-2.0566534996032715,-1.8180491924285889,-1.5517578125,-1.14990234375,-0.8505452275276184,-0.5837043523788452,-0.4459693431854248,-0.3388720750808716,-0.22399495542049408,-0.1477230340242386,-0.07671476900577545,0.013510060496628284
 Истоки китайской цивилизации можно проследить до:, доисторический период,"[«Местоположение Ань-Яна у реки Хуанхэ». «Вождиства и государства во многих регионах Китая». «Начало династии Цинь». «Внешнее влияние, исходящее из долины Инда».]",1,Sheet1,-2.3030405044555664,-0.02843259882043909,-7.9375,-7.90625,-6.833333492279053,-5.5,-4.623437404632568,-4.0234375,-3.5379464626312256,-3.15869140625,-2.8094482421875,-2.3000543117523193,-1.2265625,-0.8505859375,-0.5428059697151184,-0.3836669921875,-0.2881835997104645,-0.2193196564912796,-0.1226981058716774,-0.01947021484375,0.0690646693110466,0.23051314055919647
 Какое из этих названий является другим названием поля для гольфа?, разнообразный, ['Pitch' 'Links' 'Steps' 'Suite'],1,Sheet1,-2.9484446048736572,-0.03240049016344678,-9.4375,-8.875,-7.4921875,-6.628125190734863,-5.345982074737549,-4.896484375,-4.503472328186035,-3.745205879211426,-3.4387614727020264,-2.9480655193328857,-1.4140625,-1.3828125,-1.087890625,-0.8624511957168579,-0.5709751844406128,-0.457611083984375,-0.365966796875,-0.220947265625,-0.1364542692899704,0.0549142025411129
" В каком из этих двух сценариев главный герой (использующий местоимения «я/мне/мой») совершает явно аморальный поступок, согласно общепринятым моральным нормам в США по состоянию на 2020 год? Сценарий 1 | Я выстрелил стрелой в глаз. Сценарий 2 | Увидев имя своей сестры в кабинке мужского туалета, я добавил её номер телефона.", моральные_сценарии," ['Неправильно, неправильно' 'Неправильно, не неправильно' 'Не неправильно, неправильно' 'Не неправильно, не неправильно']",2,Sheet1,-2.1778371334075928,-0.006701037333561824,-9.403124809265137,-7.391368865966797,-6.1357421875,-5.180989742279053,-4.295769691467285,-3.6152801513671875,-3.142855167388916,-2.7420382499694824,-2.4285757541656494,-2.1789090633392334,-2.950000047683716,-1.7802269458770752,-1.1618976593017578,-0.8708336353302002,-0.6668136715888977,-0.515843391418457,-0.40979087352752686,-0.3094934821128845,-0.2196076661348343,-0.12828847765922546
 Вы заметили поражение на губной альвеолярной слизистой оболочке нижнего правого бокового резца у одного из ваших пациентов и решили взять биопсию для отправки на исследование в патологоанатомическое бюро полости рта. Для проведения безболезненной биопсии какого нерва потребуется местная анестезия?, анатомия, ['Резной нерв' 'Подбородочный нерв' 'Щечный нерв' 'Язычный нерв'],1,Sheet1,-2.4235947132110596,-0.008357223149003654,-9.458333015441895,-7.42307710647583,-6.339062690734863,-5.5196757316589355,-4.729779243469238,-4.028868198394775,-3.468048095703125,-3.036736488342285,-2.695371627807617,-2.4219281673431396,-2.6197917461395264,-1.8317307233810425,-1.418554663658142,-1.082060694694519,-0.8507062196731567,-0.6848368048667908,-0.5512530207633972,-0.4383378326892853,-0.33898040652275085,-0.23566558957099915
 При рождении наименее развитой частью мозга является..., профессиональная_психология, ['зрительная система' 'кора' 'ствол головного мозга' 'мозжечок'],1,Sheet1,-3.7817344665527344,-0.043468212259226834,-11.375,-9.5625,-7.989583492279053,-7.046875,-6.346875190734863,-5.684895992279053,-5.143973350524902,-4.640625,-4.200520992279053,-3.780468702316284,-2.015625,-1.64453125,-1.4557291269302368,-1.15869140625,-0.9615234136581421,-0.7918701171875,-0.6458216905593872,-0.471343994140625,-0.3213161826133728,-0.16496582329273224
Компания может выбрать одну из трех инвестиционных схем. Вариант I гарантирует доходность инвестиций в размере 25 000 долларов. Вариант II дает 50%-ную вероятность возврата 50 000 долларов и 50%-ную вероятность возврата 10 000 долларов. Вариант III дает 5%-ную вероятность возврата 100 000 долларов и 95%-ную вероятность ничего не получить. Какой вариант следует выбрать компании?, статистика для старшей школы," ['Вариант II, если цель — максимизировать ожидаемую прибыль' 'Вариант I, если для погашения просроченного кредита необходимо не менее 20 000 долларов' 'Вариант III, если для погашения просроченного кредита необходимо не менее 80 000 долларов' 'Все вышеперечисленные ответы верны.']",3,Sheet1,-1.158944845199585,-0.004492034283719321,-5.884375095367432,-4.413281440734863,-3.503385305404663,-2.8360838890075684,-2.314687490463257,-1.9427326917648315,-1.6700160503387451,-1.462428331375122,-1.299936294555664,-1.1583590507507324,-2.7992186546325684,-1.4994704723358154,-0.9929168820381165,-0.7331458926200867,-0.5650811791419983,-0.4414413571357727,-0.3431941568851471,-0.25788766145706177,-0.18038363754749298,-0.08419860154390335
" Байер утверждает, что подлинные моральные правила:", философия, ['должно быть на благо человечества.' 'должно учитывать интересы всех чувствующих существ.' 'должно учитывать интересы всех живых существ.' 'в первую очередь направлены на продвижение собственных интересов.'],0,Sheet1,-3.8803701400756836,-0.046751447470791366,-7.6875,-7.609375,-7.322916507720947,-7.1171875,-6.556250095367432,-6.111979007720947,-5.729910850524902,-5.30859375,-4.737847328186035,-3.880612373352051,-1.0625,-0.876953125,-0.736328125,-0.5621337890625,-0.44737547636032104,-0.3564554750919342,-0.27972412109375,-0.20276641845703125,-0.1398722380399704,-0.031699441373348236
"Житель штата владел большим участком девственного леса. Он передал этот участок «населению штата в полную собственность; при условии, однако, что если какая-либо часть указанного участка когда-либо будет использована или освоена в коммерческих целях или иным образом изменена из своего естественного состояния (за исключением рекреационных, научных или образовательных целей), то даритель или его правопреемники могут вновь вступить во владение им на основании своего прежнего имущества». Согласно законодательству штата, передача недвижимого имущества «населению» штата считается передачей права собственности штату, рассматриваемому как юридическое лицо, и хранение такого имущества находится в ведении назначенного должностного лица, известного как директор по охране окружающей среды. Директор предоставил лесозаготовительной компании право вырубки леса на отдаленном участке участка, а также сопутствующие сервитуты проезда. Участок, который лесозаготовительная компания должна была расчистить, должен был использоваться для создания государственной зоны отдыха. После предоставления права лесозаготовительная компания приступила к вырубке леса, который впоследствии продала за 10 000 долларов. Когда житель узнал, что лесозаготовительная компания вырубает и продает древесину, он уведомил директора о необходимости прекратить дальнейшую эксплуатацию земли. Какой результат следует ожидать в иске о выселении, поданном жителем против государства с целью возвращения участка?",профессиональное_право," [«Житель добьётся успеха, поскольку продажа древесины лесозаготовительной компанией даст ему право повторно въехать на территорию и прекратить действие предоставленного штату права собственности». «Житель добьётся успеха, поскольку продажа древесины лесозаготовительной компанией будет означать автоматическое прекращение права собственности штата». «Житель не добьётся успеха, поскольку директор одобрил вырубку леса для обустройства территории в рекреационных целях». «Житель не добьётся успеха, поскольку сохранение за ним права на прекращение действия права собственности будет нарушением правила о запрете вечных ограничений».]",2,Sheet1,-2.0020382404327393,-0.001980255430695093,-7.7265625,-6.322596073150635,-5.34262228012085,-4.555408477783203,-3.879385471343994,-3.3193910121917725,-2.8572804927825928,-2.5098018646240234,-2.2277379035949707,-2.002230644226074,-1.994384765625,-1.3154146671295166,-0.90833979845047,-0.6688529253005981,-0.516773521900177,-0.40259265899658203,-0.303962379693985,-0.21809910237789154,-0.13190826773643494,-0.037219323217868805
"Какова цена пятилетней облигации (номинальная стоимость 100 долларов), не выплачивающей купоны, если ее доходность составляет 4%?", профессиональный_бухгалтерский_учет, ['$100' '$85' '$82' '$75'],2,Sheet1,-1.9994101524353027,-0.012418696598977036,-7.739583492279053,-6.46875,-5.607812404632568,-4.5245537757873535,-3.9191176891326904,-3.296130895614624,-2.9075114727020264,-2.4978811740875244,-2.257153034210205,-1.9991925954818726,-2.25,-1.7237722873687744,-1.368554711341858,-0.9998343586921692,-0.8137853145599365,-0.6377360224723816,-0.5366566777229309,-0.4215218722820282,-0.3345474600791931,-0.2129429429769516
Клинический случай черепно-мозговой травмы Финеаса Гейджа имеет важное значение по какой из следующих причин?, психология старшей школы," «Авария с участием Гейджа стала одним из первых случаев, когда лечение проводилось с помощью препаратов, изменяющих нейротрансмиттеры в головном мозге». «Это был один из первых хорошо задокументированных примеров связи определенной области мозга с рядом физических и эмоциональных изменений». «Эта авария предоставила психиатрам одну из первых возможностей лечить пациента с повреждением головного мозга с помощью психотерапевтических методов». «Компьютерная томография была впервые использована в случае Финеаса Гейджа для документирования степени повреждения головного мозга».",1,Sheet1,-2.7722995281219482,-0.019523236113534848,-9.71875,-8.956250190734863,-7.53125,-6.756249904632568,-5.588942527770996,-4.647186279296875,-4.141194820404053,-3.55859375,-3.11761474609375,-2.77178955078125,-4.84375,-3.487499952316284,-2.67578125,-2.180102586746216,-1.6629122495651245,-1.3201103210449219,-1.1492342948913574,-0.9459025263786316,-0.7671992182731628,-0.5814051032066345
"Этот вопрос касается следующей информации: «Вчера, 7 декабря 1941 года — даты, которая войдет в историю как день позора, — Соединенные Штаты Америки подверглись внезапному и преднамеренному нападению военно-морских и воздушных сил Японской империи. Соединенные Штаты находились в мире с этой страной и, по просьбе Японии, все еще вели переговоры с ее правительством и императором, стремясь к поддержанию мира в Тихом океане. Действительно, через час после начала бомбардировок японскими авиагруппами… японский посол в Соединенных Штатах и его коллега передали государственному секретарю официальный ответ на недавнее американское сообщение. Хотя в этом ответе говорилось, что продолжение существующих дипломатических переговоров представляется бесполезным, он не содержал угроз или намеков на войну или вооруженное нападение… Вчерашнее нападение… нанесло серьезный ущерб американским военно-морским и военным силам. Погибло очень много американцев. Кроме того, сообщается о торпедировании американских кораблей в открытом море… Как главнокомандующий армией и флотом, я распорядился принять все меры для нашей обороны». Президент Франклин Д. Рузвельт, радиообращение, 8 декабря 1941 г. Приведенные выше заявления, скорее всего, были сделаны после какого крупного события?",история США в старшей школе, ['Бомбардировка Перл-Харбора' 'Потопление линкора USS Maine' 'Бомбардировка линкора USS Liberty' 'Боксерское восстание'],0,Sheet1,-1.7789486646652222,-0.0018171079312208603,-7.181985378265381,-5.842617988586426,-4.879056453704834,-4.134171009063721,-3.4764721393585205,-2.953463077545166,-2.5488805770874023,-2.2283310890197754,-1.9783579111099243,-1.7788118124008179,-1.6750918626785278,-1.1158571243286133,-0.7520508170127869,-0.5608044862747192,-0.4375396966934204,-0.3453347086906433,-0.2651348412036896,-0.18271425366401672,-0.10138262063264847,-0.009012887254357338
"Рассчитайте отношение потока солнечного излучения на поверхности Меркурия в перигелии (0,304 а.е.) к потоку в афелии (0,456 а.е.).", астрономия, ['4:1' '1:2' '6:5' '9:4'],3,Sheet1,-1.4190977811813354,-0.009719847816310516,-6.4140625,-5.168402671813965,-4.233817100524902,-3.377878189086914,-2.7774250507354736,-2.4159457683563232,-2.061800956726074,-1.7917383909225464,-1.5833967924118042,-1.4184595346450806,-2.1484375,-1.4240450859069824,-0.9979771375656128,-0.7321953773498535,-0.5740801692008972,-0.48123931884765625,-0.3853010833263397,-0.29194319248199463,-0.2097586691379547,-0.10620307922363281
" В отделение неотложной помощи доставлен 13-месячный ребенок с крапивницей, отеком губ и затруднением дыхания сразу после употребления яйца. Вакцинация против какого из следующих заболеваний представляет потенциальный риск развития реакции гиперчувствительности?",профессиональная_медицина, ['Гепатит' 'Грипп' 'Коклюш' 'Полиомиелит'],1,Sheet1,-2.322938919067383,-0.008635460665678003,-9.09375,-7.390625,-6.116666793823242,-5.208593845367432,-4.378605842590332,-3.803805351257324,-3.330946207046509,-2.940441608428955,-2.6236724853515625,-2.3209409713745117,-3.4046874046325684,-2.3207030296325684,-1.7157552242279053,-1.285008192062378,-0.9671149849891663,-0.7770119905471802,-0.6193432211875916,-0.48888787627220154,-0.37515854835510254,-0.2456330507993698
"71-летняя женщина доставлена в отделение неотложной помощи дочерью для оценки ее психического состояния. Дочь говорит: «Я сегодня впервые за 6 месяцев навестила маму; ее память ухудшилась, счета неоплачены, и в доме необычайно беспорядок». Пациентка отвечает: «Я совершенно здорова». В анамнезе – гипертония, диагностированная более 25 лет назад, и два небольших инсульта, произошедшие 3 года и 7 месяцев назад. Дочь передает вам три пустые бутылочки из-под лекарств из дома матери: метопролол, гидрохлоротиазид и аспирин. Рост пациентки 165 см (5 футов 5 дюймов), вес 59 кг (130 фунтов); ИМТ 22 кг/м2. Жизненные показатели: температура 36,4°C (97,6°F), пульс 76 ударов в минуту, частота дыхания 16 в минуту, артериальное давление 196/112 мм рт. ст. Пульсоксиметрия на воздухе показывает сатурацию кислорода 93%. Мышечная сила левой руки составляет 1/5. Сила правой конечности — 4/5. Пациентка ориентируется только в себе; она не знает дня недели или сегодняшней даты. Она помнит 0 из 3 слов через 5 минут, не может назвать 2 предмета, правильно нарисовать переплетающиеся пятиугольники или считать в обратном порядке по семеркам. Общий анализ крови, показатели функции почек, печени и мочи находятся в пределах нормы. ЭКГ не выявляет отклонений. Какая из следующих причин является наиболее вероятной основной причиной симптомов пациентки?",профессиональная_медицина, ['Боковой амиотрофический склероз' 'Кортикальная базально-ганглиозная дегенерация' 'Нейросифилис' 'Сосудистая деменция'],3,Sheet1,-1.7066437005996704,-0.0015787638303419707,-7.197916507720947,-5.632011413574219,-4.63034200668335,-3.8882713317871094,-3.289483070373535,-2.8103840351104736,-2.430767774581909,-2.131934642791748,-1.89591646194458,-1.706324815750122,-2.394230842590332,-1.6569761037826538,-1.1514440774917603,-0.8534935116767883,-0.6645330786705017,-0.5247853398323059,-0.4069545865058899,-0.3060614764690399,-0.2144346684217453,-0.11374441534280777
" В каком из этих двух сценариев главный герой (использующий местоимения «я/мне/мой») совершает явно аморальный поступок, согласно общепринятым моральным нормам США по состоянию на 2020 год? Сценарий 1 | Я знаю, с чем Карла сталкивается дома со своим отцом, поэтому я закрою глаза на её плохое поведение. Сценарий 2 | Я решил разжечь огонь в печи.", моральные_сценарии," ['Неправильно, неправильно' 'Неправильно, не неправильно' 'Не неправильно, неправильно' 'Не неправильно, не неправильно']",3,Sheet1,-2.197741985321045,-0.006444991159299252,-8.576704978942871,-7.0227274894714355,-5.926136493682861,-5.000887870788574,-4.229545593261719,-3.6232244968414307,-3.131430149078369,-2.7461965084075928,-2.4419281482696533,-2.19773530960083,-2.919034004211426,-1.8191584348678589,-1.2295143604278564,-0.9077647924423218,-0.7037952542304993,-0.5503188371658325,-0.42743951082229614,-0.324493408203125,-0.2305353283882141,-0.1356067955493927
"На какой стадии развития расовой/культурной идентичности, согласно Аткинсону, Мортену и Сью, человек, активно отвергающий доминирующую культуру и придерживающийся жестких позитивных убеждений в отношении культуры меньшинства?", профессиональная_психология, ['Конформизм' 'Диссонанс' 'Сопротивление и погружение' 'Интроспекция'],2,Sheet1,-2.6858742237091064,-0.011527357183300887,-7.912499904632568,-7.21875,-6.435661792755127,-5.724431991577148,-5.043526649475098,-4.386259078979492,-3.8957831859588623,-3.397602081298828,-3.0001513957977295,-2.6843459606170654,-3.409374952316284,-2.196377754211426,-1.5846737623214722,-1.2289692163467407,-0.9533026814460754,-0.7601417303085327,-0.6306864619255066,-0.4962911009788513,-0.3810335099697113,-0.24518732726573944
" Что следует учитывать при использовании визуальных методов в исследовательском проекте, помимо соблюдения правовых норм?", философия, ['Что представляет собой общественное пространство' 'Защита людей от потенциального вреда' 'Любой риск нарушения неприкосновенности частной жизни' 'Все вышеперечисленное'],3,Sheet1,-3.498671054840088,-0.02396350037561704,-7.625,-6.916666507720947,-6.662499904632568,-6.447916507720947,-5.68359375,-5.112500190734863,-4.849431991577148,-4.394230842590332,-3.907682180404663,-3.4989659786224365,-0.96875,-0.8385416865348816,-0.717968761920929,-0.6552734375,-0.5281982421875,-0.4027343690395355,-0.3504083752632141,-0.23204627633094788,-0.13326822221279144,-0.05026424676179886
 Как называются три последовательных страйка в боулинге?, разнообразный, ['яхзи' 'маллиган' 'индейка' 'туз'],2,Sheet1,-2.9543988704681396,-0.03319549292660831,-10.75,-9.90625,-8.25,-7.625,-5.703125,-5.08349609375,-4.551432132720947,-3.755948066711426,-3.4461467266082764,-2.9543957710266113,-3.625,-2.58203125,-1.481201171875,-1.1782715320587158,-0.8070940375328064,-0.674713134765625,-0.5674099326133728,-0.3887828588485718,-0.3091837465763092,-0.1598249226808548
"В каком из этих двух сценариев главный герой (использующий местоимения «я/мне/мой») совершает явно аморальный поступок, согласно общепринятым моральным нормам США по состоянию на 2020 год? Сценарий 1 | Я срубил деревья, предназначенные для заготовки древесины. Сценарий 2 | Во время посещения Лувра я прикоснулся ко многим картинам.", моральные_сценарии," ['Неправильно, неправильно' 'Неправильно, не неправильно' 'Не неправильно, неправильно' 'Не неправильно, не неправильно']",2,Sheet1,-2.0796868801116943,-0.0062453059462813645,-8.640625,-7.237500190734863,-5.951562404632568,-4.851366996765137,-4.078671932220459,-3.475781202316284,-2.995068311691284,-2.6231942176818848,-2.332247018814087,-2.078239917755127,-3.405468702316284,-2.0870118141174316,-1.4199727773666382,-1.0537643432617188,-0.8274059891700745,-0.6639353632926941,-0.5306108593940735,-0.41465073823928833,-0.31130844354629517,-0.19486954808235168
 Какой витамин является основным жирорастворимым антиоксидантом в клеточных мембранах?, питание, ['Витамин А' 'Витамин D' 'Витамин E' 'Витамин K'],2,Sheet1,-1.2218321561813354,-0.010443009881891755,-7.71875,-5.71484375,-4.112723350524902,-3.257269859313965,-2.4468181133270264,-2.0972726345062256,-1.835113525390625,-1.5453587770462036,-1.398181676864624,-1.2234090566635132,-1.9375,-1.4052734375,-0.8559744954109192,-0.6635945439338684,-0.4935556948184967,-0.4193943440914154,-0.3630104064941406,-0.29299765825271606,-0.2482125461101532,-0.13857269287109375
" Когда в результате термоядерной реакции пара изотопов водорода превращается в альфа-частицу и нейтрон, большая часть высвобождаемой энергии преобразуется в альфа-частицу и нейтрон.",концептуальная_физика, ['Гамма-излучение'. 'Кинетическая энергия альфа-частицы'. 'Кинетическая энергия нейтрона'. 'Все эти величины примерно одинаковы'.],2,Sheet1,-1.5088181495666504,-0.00847650645823961,-7.387499809265137,-6.224999904632568,-4.873958110809326,-3.725353479385376,-3.049053430557251,-2.569162607192993,-2.1589486598968506,-1.9035921096801758,-1.701744556427002,-1.50909423828125,-1.9296875,-1.2201659679412842,-0.817333996295929,-0.5705275535583496,-0.44308236241340637,-0.3476129472255707,-0.25526881217956543,-0.1937691867351532,-0.12611421942710876,-0.016613079234957695
"Какой из перечисленных факторов НЕ является важным экологическим фактором, влияющим на сельское хозяйство страны?", география для старшей школы, ['Количество дней без заморозков в году' 'Наличие достаточного количества осадков' 'Надежность достаточного количества осадков' 'Объем произведенных в стране удобрений'],3,Sheet1,-1.9099606275558472,-0.013081922106546899,-10.65625,-7.368750095367432,-5.970703125,-5.025000095367432,-3.933894157409668,-3.22015380859375,-2.8653411865234375,-2.4563772678375244,-2.1493301391601562,-1.9105156660079956,-8.1875,-4.489062309265137,-2.932373046875,-2.3449950218200684,-1.8004196882247925,-1.4546470642089844,-1.2859938144683838,-1.0771920680999756,-0.9034805297851562,-0.7514445185661316
" Хейр утверждает, что как только два человека придут к согласию относительно значения слова «должен»:", философия," ['Они будут разделять одни и те же моральные взгляды.' 'Они будут расходиться во мнениях по моральным вопросам только в том случае, если будут расходиться во мнениях относительно фактов дела.' 'Они будут расходиться во мнениях по моральным вопросам только в том случае, если у них будут разные склонности.' 'Ничего из вышеперечисленного.']",3,Sheet1,-3.528730869293213,-0.026732809615857674,-8.375,-7.609375,-7.192708492279053,-6.69921875,-6.1328125,-5.5859375,-5.026785850524902,-4.54345703125,-4.106662273406982,-3.5287258625030518,-2.390625,-1.8046875,-1.3385416269302368,-1.0596923828125,-0.8617919683456421,-0.7125040888786316,-0.5923026204109192,-0.4707794189453125,-0.3425157368183136,-0.131010502576828
"Этот вопрос относится к следующей информации. Оба автора ниже говорили о Французской революции. Это было лучшее время, это было худшее время, это был век мудрости, это был век глупости, это была эпоха веры, это была эпоха неверия, это было время Света, это было время Тьмы, это была весна надежды, это была зима отчаяния, у нас было всё перед нами, у нас не было ничего перед нами, мы все шли прямо в рай, мы все шли прямо в обратную сторону — короче говоря, этот период был настолько похож на нынешний, что некоторые из его самых шумных авторитетов настаивали на том, чтобы его воспринимали, к добру или к злу, только в превосходной степени сравнения. На английском троне были король с большой челюстью и королева с простым лицом; на французском троне были король с большой челюстью и королева с прекрасным лицом. В обеих странах было яснее, чем кристалл… что в целом всё устоялось навсегда. — «Повесть о двух городах» Чарльза Диккенса. Блаженство было в тот рассвет быть живым. Но быть молодым было сродни раю. — «Прелюдия» Уильяма Вордсворта. Большинство революций порождают сильную лидерскую фигуру; Французская революция позволила кому из следующих прийти к власти?",история мира в старшей школе, ['Король Людовик XVI' 'Робеспьер' 'Жан Лафитт' 'Лафайет'],1,Sheet1,-2.3300893306732178,-0.0028175203514791023,-9.175403594970703,-7.53720235824585,-6.361536026000977,-5.284970283508301,-4.471123218536377,-3.835782527923584,-3.316892385482788,-2.9183881282806396,-2.5918092727661133,-2.3295202255249023,-2.5564515590667725,-1.6726810932159424,-1.179986834526062,-0.8710525631904602,-0.6718236207962036,-0.5270682573318481,-0.4046180546283722,-0.3016132116317749,-0.20302420854568481,-0.08991385996341705
 Какого персонажа Вуди заменил в телешоу «Cheers»?, разнообразный, ['Тренер' 'Диана' 'Норм' 'Фрейзер'],0,Sheet1,-3.753206968307495,-0.043140309980545924,-10.4375,-9.9375,-9.21875,-7.911458492279053,-7.375,-6.09375,-5.586718559265137,-4.689127445220947,-4.329617977142334,-3.752335548400879,-2.703125,-1.890625,-1.5859375,-1.0733743906021118,-0.91424560546875,-0.6894870400428772,-0.5956360101699829,-0.4185638427734375,-0.3449002802371979,-0.2015177458524704
" Студент толкает шайбу по столу, перемещая её из положения x = 0 в положение x = 0,2 м. После того, как он отпускает шайбу, она продолжает движение по столу и останавливается в положении x = 1,2 м. Когда шайба находится в положении x = 1,0 м, какое из следующих утверждений о результирующей силе, действующей на шайбу, является верным?", физика в старшей школе,"['Результирующая сила направлена в отрицательном направлении, потому что шайба движется в положительном направлении, но замедляется.' 'Результирующая сила направлена вниз, потому что шайба находится близко к Земле, где ускорение свободного падения составляет 10 м/с² вниз.' 'Результирующая сила направлена в положительном направлении, потому что толчок ученика заставил шайбу ускориться в положительном направлении.' 'Результирующая сила равна нулю, потому что толчок ученика в положительном направлении должен равняться силе трения в отрицательном направлении.']",0,Sheet1,-1.2100105285644531,-0.004306087290264958,-6.059374809265137,-4.372656345367432,-3.5179686546325684,-2.8798828125,-2.359872817993164,-2.0082128047943115,-1.7354134321212769,-1.524023413658142,-1.3570613861083984,-1.2107115983963013,-1.291015625,-0.7608642578125,-0.5034159421920776,-0.36421966552734375,-0.25753363966941833,-0.1823040097951889,-0.1132735162973404,-0.05007520318031311,0.011080899275839329,0.0809643343091011
 Каким образом ограничительная фискальная политика в Соединенных Штатах может повлиять на внутренние процентные ставки и международную стоимость доллара?, макроэкономика для старшей школы,"['Процентные ставки растут, а доллар обесценивается.' 'Процентные ставки снижаются, а доллар укрепляется.' 'Процентные ставки растут, а доллар укрепляется.' 'Процентные ставки снижаются, а доллар обесценивается.']",3,Sheet1,-2.008713960647583,-0.011544333107170018,-7.75,-6.285714149475098,-5.596875190734863,-4.664620399475098,-4.061580657958984,-3.3380534648895264,-2.924957275390625,-2.508493661880493,-2.2659871578216553,-2.0070173740386963,-1.3307291269302368,-0.9031807780265808,-0.669604480266571,-0.4700927734375,-0.3753877580165863,-0.2851446270942688,-0.2274068146944046,-0.1509748250246048,-0.09528572112321854,0.02263532392680645
" Наименьшая критическая частота обусловлена нулем и может присутствовать в начале координат или вблизи него, в зависимости от типа сети.", электротехника, ['LC-цепь.' «RC-цепь». «Цепь RLC». «Цепь RL».],3,Sheet1,-2.867234945297241,-0.018262642963676697,-9.354166984558105,-7.822916507720947,-6.954861164093018,-5.924278736114502,-5.3046875,-4.7306742668151855,-4.0553669929504395,-3.630333423614502,-3.260471820831299,-2.865734577178955,-2.671875,-1.6370443105697632,-1.1455078125,-0.7913865447044373,-0.6314964294433594,-0.5124093890190125,-0.3689044415950775,-0.26594191789627075,-0.17714296281337738,-0.04890025779604912
" Считалось, что капиталистический класс середины XX века присоединился к высшему классу, потому что они:",социология," [«участвовали в тех же развлекательных мероприятиях и событиях, что и представители «светского календаря»», «подражали образу жизни и культурным ценностям традиционной аристократии», «владели компаниями и финансовыми активами, которые приносили богатство через корпорации», «имели прямую личную собственность на землю и предприятия в качестве материальных активов»]",2,Sheet1,-2.8472182750701904,-0.021901679039001466,-11.625,-8.881250381469727,-7.37890625,-6.376420497894287,-5.472098350524902,-4.722886085510254,-4.102246284484863,-3.58748722076416,-3.177372932434082,-2.8494820594787598,-2.4765625,-1.642968773841858,-1.21240234375,-0.9182350635528564,-0.6996024250984192,-0.5520737767219543,-0.4360595643520355,-0.33485478162765503,-0.24656325578689575,-0.1432010978460312
 Сколько диагоналей в правильном восьмиугольнике?, математика для старшей школы, ['8' '16' '17' '20'],3,Sheet1,-1.8271758556365967,-0.023128808299197428,-9.875,-6.6953125,-5.359375,-4.408203125,-3.586718797683716,-3.03515625,-2.60595703125,-2.2811851501464844,-2.0277202129364014,-1.8249480724334717,-1.0859375,-0.734375,-0.4767252504825592,-0.34716796875,-0.25996094942092896,-0.1897786408662796,-0.1166294664144516,-0.057861328125,-0.0045572915114462376,0.04257812350988388
 Какой из следующих инструментов является предпочтительным для чистки полости рта?, клинические_знания,"['Маленькая мягкая зубная щетка.' 'Палец в перчатке, обернутый марлей.' 'Пинцет, обернутый марлей.' 'Пенопластовая палочка.']",0,Sheet1,-2.187568426132202,-0.01853871547569663,-10.0,-7.666666507720947,-6.8671875,-5.095052242279053,-4.4715399742126465,-3.596137046813965,-3.2587890625,-2.73168683052063,-2.521557092666626,-2.185349464416504,-2.53125,-1.5924478769302368,-1.2230224609375,-0.809478759765625,-0.6903163194656372,-0.4981757402420044,-0.4104675352573395,-0.2644195556640625,-0.19209641218185425,-0.06023355945944786
" Какая из следующих пар ученых стала пионером экологической дисциплины, известной как островная биогеография?", биология для старшей школы, ['Роберт Макартур и Э. О. Уилсон' 'Джеймс Уотсон и Фрэнсис Крик' 'Маттиас Шлейден и Теодор Шванн' 'Альфред Херши и Марта Чейз'],0,Sheet1,-2.4783456325531006,-0.017702468803950717,-9.875,-8.2578125,-6.683035850524902,-5.765625,-4.805989742279053,-4.2061944007873535,-3.700103759765625,-3.1257965564727783,-2.8292105197906494,-2.4758834838867188,-3.2734375,-2.423828125,-1.5004185438156128,-1.1571180820465088,-0.8441162109375,-0.6940220594406128,-0.571624755859375,-0.42832544445991516,-0.3461449146270752,-0.18096923828125
 Когда располагаемый доход увеличивается на $X, макроэкономика для старшей школы,['потребление увеличивается более чем на $X.' 'сбережения увеличиваются менее чем на $X.' 'сбережения увеличиваются ровно на $X.' 'сбережения остаются неизменными.'],1,Sheet1,-4.453744411468506,-0.05498449890701859,-11.5,-11.5,-9.1875,-9.1875,-8.010416984558105,-6.6328125,-6.6328125,-5.731249809265137,-5.127604007720947,-4.4483819007873535,-3.0,-3.0,-2.421875,-2.421875,-2.1770832538604736,-1.71630859375,-1.71630859375,-1.3369140625,-1.01904296875,-0.7183314561843872
" Какое из следующих утверждений лучше всего объясняет, почему ферменты эффективно способствуют протеканию химических реакций?", колледж_биология,"['Они повышают температуру реакционной смеси, тем самым ускоряя превращение реагентов в продукты.' 'Они изменяют константу равновесия реакции (K_eq), так что больше реагентов может быть превращено в продукты.' 'Они увеличивают максимальную скорость химической реакции (V_max).' 'Они снижают энергию активации, тем самым ускоряя превращение реагентов в продукты.']",3,Sheet1,-1.6487362384796143,-0.010304601490497589,-6.515625,-5.71875,-5.1171875,-3.881944417953491,-3.329190254211426,-2.893930196762085,-2.3690185546875,-2.106226682662964,-1.895603895187378,-1.6483513116836548,-3.0859375,-2.2490234375,-1.5683441162109375,-1.0368211269378662,-0.8400740027427673,-0.6921269297599792,-0.5107173919677734,-0.4026472270488739,-0.2953903079032898,-0.12252011150121689
" В организации существует три основных типа ситуаций совершения покупок, которые Робинсон, Фарис и Винд (1967) называют _____________.", маркетинг, ['Повторные покупки'. 'Этапы покупки'. 'Классы покупки'. 'Тендеры'.],2,Sheet1,-3.399850845336914,-0.02098673361319083,-10.333333015441895,-9.119791984558105,-7.847222328186035,-6.755208492279053,-5.885416507720947,-5.22265625,-4.722470283508301,-4.299479007720947,-3.887514352798462,-3.3994927406311035,-2.5885417461395264,-1.8111978769302368,-1.3517794609069824,-1.0256551504135132,-0.7801595330238342,-0.5905625820159912,-0.4411853551864624,-0.317840576171875,-0.20078305900096893,-0.0442052036523819
" Маркиз утверждает, что аборт морально неправилен, потому что", моральные_споры," ['доказательство того, что плод является личностью с полными моральными правами, включая право на жизнь'. 'апеллирование к тому факту, что плод является биологически человеком, и утверждение, что убийство биологически человеческих существ является заведомо морально неправильным'. 'доказательство того, что плод обладает сознанием и что причинение вреда и убийство разумных существ является морально неправильным'. 'ничего из вышеперечисленного']",3,Sheet1,-3.260409116744995,-0.03622676796383328,-9.375,-8.8125,-7.890625,-7.337500095367432,-6.183035850524902,-5.5615234375,-5.037326335906982,-4.146328926086426,-3.8033649921417236,-3.261690378189087,-1.6953125,-1.578125,-1.2275390625,-1.1124999523162842,-0.7791399359703064,-0.6668548583984375,-0.5740966796875,-0.4140514135360718,-0.319000244140625,-0.1576363742351532
"В каком из этих двух сценариев главный герой (использующий местоимения «я/мне/мой») совершает явно аморальный поступок, согласно общепринятым моральным нормам США по состоянию на 2020 год? Сценарий 1 | Я заехал задним ходом на грузовике в озеро. Сценарий 2 | Во время стрельбы я прострелил ухо соломенного чучела.", моральные_сценарии," ['Неправильно, неправильно' 'Неправильно, не неправильно' 'Не неправильно, неправильно' 'Не неправильно, не неправильно']",1,Sheet1,-2.155345916748047,-0.00693037272266253,-9.243749618530273,-7.696875095367432,-6.182963848114014,-5.06345272064209,-4.200119972229004,-3.5927891731262207,-3.10738468170166,-2.698354959487915,-2.408878803253174,-2.1540935039520264,-3.5640625953674316,-2.2388672828674316,-1.4917632341384888,-1.1162712574005127,-0.8605587482452393,-0.6981245279312134,-0.5648672580718994,-0.4410124719142914,-0.3371191620826721,-0.22269879281520844
" Согласно Сократу, явным признаком того, что человек _____, является его исключительное стремление к социальному статусу, богатству, власти и удовольствиям.", философия, ['философские амбиции' 'мирская мудрость' 'исключительные желания' 'нездоровая душа'],3,Sheet1,-1.9073160886764526,-0.011024948489459264,-9.145833015441895,-7.013392925262451,-5.285511493682861,-4.291666507720947,-3.6437089443206787,-3.232333183288574,-2.770920991897583,-2.411914110183716,-2.1306583881378174,-1.906583309173584,-1.6901041269302368,-1.0552455186843872,-0.6796098351478577,-0.47950032353401184,-0.34427040815353394,-0.2613691985607147,-0.15865853428840637,-0.05742594227194786,0.050088319927453995,0.15717194974422455
"В каком из этих двух сценариев главный герой (использующий местоимения «я/мне/мой») совершает явно аморальный поступок, согласно общепринятым моральным нормам США по состоянию на 2020 год? Сценарий 1 | Я перевез свою семью в подземное убежище от шторма, чтобы спрятать их от органов опеки. Сценарий 2 | Я сдал экзамен", моральные_сценарии," ['Неправильно, неправильно' 'Неправильно, не неправильно' 'Не неправильно, неправильно' 'Не неправильно, не неправильно']",1,Sheet1,-2.068528652191162,-0.00648441583758985,-8.915624618530273,-7.2578125,-5.886979103088379,-4.7728657722473145,-4.032858371734619,-3.458984375,-2.952894449234009,-2.59588623046875,-2.314147710800171,-2.0670056343078613,-2.975781202316284,-2.013867139816284,-1.449926733970642,-1.0537972450256348,-0.8332352042198181,-0.6738341450691223,-0.5316212773323059,-0.4167465567588806,-0.3131939470767975,-0.19426363706588745
"Предположим, X — дискретная случайная величина на множестве положительных целых чисел, такая что для каждого положительного целого числа n вероятность того, что X = n, равна 1/2^n. Если Y — случайная величина с тем же распределением вероятностей, и X и Y независимы, какова вероятность того, что значение хотя бы одной из переменных X и Y будет больше 3?", математика колледжа, ['1/64' '15/64' '1/4' '3/8'],1,Sheet1,-1.122350811958313,-0.003728740239064163,-6.06944465637207,-4.344183921813965,-3.394097328186035,-2.748046875,-2.2210004329681396,-1.8706320524215698,-1.6114234924316406,-1.413499355316162,-1.2583591938018799,-1.1215810775756836,-2.44921875,-1.31378173828125,-0.8702957630157471,-0.6437327265739441,-0.4792706072330475,-0.3676413893699646,-0.27483463287353516,-0.1919354945421219,-0.11279966682195663,-0.01931430958211422
" У Терезы был мешок с 72 шариками. Она разделила шарики на 9 равных групп. Какое числовое выражение показывает, как найти количество шариков, которые Тереза положила в каждую группу?", элементарная_математика, ['72 ÷ 9 = 8' '72 – 9 = 63' '9 + 72 = 81' '9 ÷ 72 = 0.125'],0,Sheet1,-1.9356892108917236,-0.009630294581550864,-8.6875,-6.5,-5.303124904632568,-4.419921875,-3.632962703704834,-3.150453567504883,-2.77880859375,-2.451416015625,-2.18613862991333,-1.9338918924331665,-2.9453125,-1.96875,-1.3214030265808105,-0.977996826171875,-0.725693941116333,-0.5720096826553345,-0.4295755922794342,-0.30773329734802246,-0.20643416047096252,-0.08631075173616409
" В каком регионе сохранилась традиция изготовления каменных орудий из обломков гальки, называемая хоабинской культурой?", доисторический период, ['Австралия' 'Северная Америка' 'Европа' 'Азия'],3,Sheet1,-2.5414395332336426,-0.017288704307711854,-8.1875,-7.010416507720947,-6.263888835906982,-5.475961685180664,-4.8330078125,-4.279605388641357,-3.6326003074645996,-3.224271297454834,-2.8925843238830566,-2.5424396991729736,-1.2786458730697632,-0.7540283203125,-0.4973619282245636,-0.32507795095443726,-0.24331283569335938,-0.17256565392017365,-0.08820641785860062,-0.036712646484375,0.016182735562324524,0.10868141800165176
"76-летний мужчина обратился в клинику из-за раннего пробуждения по ночам. Он не испытывает трудностей с засыпанием, но обычно просыпается между 2:00 и 3:00 утра. Пациент – пенсионер, бывший почтовый работник, всегда вел активный образ жизни. У него сахарный диабет, контролируемый диетой. Пациент выпивает одну чашку кофе утром за завтраком и обычно совершает утреннюю прогулку. Перед сном он выпивает один алкогольный напиток. В анамнезе нет депрессии, кошмаров или храпа, и он не принимает никаких безрецептурных лекарств. Его жена, с которой он прожил 45 лет, также здорова. Жизненные показатели: температура 37,1°C (98,8°F), пульс 96 ударов в минуту, регулярный, частота дыхания 18 в минуту, артериальное давление 135/90 мм рт. ст. Физическое обследование показывает хорошо упитанного, хорошо развитого мужчину. Он не страдает ожирением. Осмотр головы и шеи в норме; Шумы и расширение яремных вен отсутствуют. Грудь чистая, сердце нормальное, тоны S1 и S2. Живот мягкий, безболезненный, кишечные шумы активные, органомегалии нет. Ректальное обследование не выявляет отклонений. Какое из следующих действий является наиболее подходящим для лечения бессонницы у этого пациента?",профессиональная_медицина," ['Посоветуйте пациенту прекратить употребление алкоголя перед сном' 'Посоветуйте пациенту читать и перекусывать в постели, чтобы расслабиться' 'Назначьте интенсивные упражнения перед сном' 'Назначьте сертралин']",0,Sheet1,-1.6756160259246826,-0.0017436170925334887,-7.465909004211426,-5.827192306518555,-4.72447395324707,-3.9042677879333496,-3.2728562355041504,-2.7720160484313965,-2.3982484340667725,-2.0987749099731445,-1.8636285066604614,-1.675606608390808,-1.982007622718811,-1.2667909860610962,-0.8550390601158142,-0.6351833343505859,-0.48900532722473145,-0.37412285804748535,-0.27929919958114624,-0.1934775859117508,-0.11171025037765503,-0.019196733832359314
"38-летний человек боится ездить в общественном транспорте. Программа лечения, основанная на постепенном привыкании к поездкам на автобусе с увеличением количества реальных поведенческих упражнений на протяжении всего исследования, называется...", профессиональная_психология, ['наводнение' 'моделирование' 'усиленная практика' 'имплозия'],2,Sheet1,-2.842519760131836,-0.011461773226338049,-8.96875,-7.16319465637207,-6.234375,-5.6291117668151855,-5.04296875,-4.570043087005615,-4.061580657958984,-3.568265438079834,-3.164016008377075,-2.8411571979522705,-2.396484375,-1.8559027910232544,-1.4055525064468384,-1.0537173748016357,-0.8253936767578125,-0.6683602333068848,-0.5438483953475952,-0.42795035243034363,-0.32330045104026794,-0.21473662555217743
" Время, необходимое маятнику для совершения двух колебаний, обозначает его", концептуальная_физика, ['частота' 'период' 'длина волны' 'амплитуда'],1,Sheet1,-2.572817325592041,-0.024738628130692702,-9.6875,-6.59375,-6.1640625,-5.651041507720947,-4.7861328125,-4.443576335906982,-3.715376377105713,-3.4313151836395264,-2.9433419704437256,-2.5759105682373047,-2.546875,-2.0677082538604736,-1.6826171875,-1.1088052988052368,-0.809326171875,-0.7054036259651184,-0.5157137513160706,-0.4310709536075592,-0.2972237765789032,-0.14532470703125
" В каком из этих двух сценариев главный герой (использующий местоимения «я/мне/мой») совершает явно аморальный поступок, согласно общепринятым моральным нормам в США по состоянию на 2020 год? Сценарий 1 | Я поставил ученику хорошую оценку, потому что он её заслужил. Сценарий 2 | Когда нацисты пришли ко мне домой, я солгал и сказал, что не знаю, где Анна Франк.", моральные_сценарии," ['Неправильно, неправильно' 'Неправильно, не неправильно' 'Не неправильно, неправильно' 'Не неправильно, не неправильно']",3,Sheet1,-2.014927625656128,-0.005691885948181152,-9.0625,-7.1100544929504395,-5.883272171020508,-4.7287702560424805,-3.9624452590942383,-3.3331494331359863,-2.8900694847106934,-2.517341375350952,-2.249178886413574,-2.014482021331787,-3.03125,-1.7721213102340698,-1.2087348699569702,-0.879862904548645,-0.6931976675987244,-0.5388723015785217,-0.4253242611885071,-0.31783461570739746,-0.2260368913412094,-0.121981680393219
" Правительство содействует предоставлению преференций членам групп, которые исторически подвергались дискриминации, посредством", школьное_правительство_и_политика, ['Новый федерализм' 'программы позитивной дискриминации' 'пособия по социальному обеспечению' 'законы об осуждении без суда'],1,Sheet1,-2.1644930839538574,-0.014429953893025716,-7.078125,-6.5625,-6.2901787757873535,-5.271874904632568,-4.290114402770996,-3.7379558086395264,-3.1221516132354736,-2.811871290206909,-2.446120500564575,-2.1644744873046875,-0.572265625,-0.443359375,-0.3638392984867096,-0.2535156309604645,-0.17814753949642181,-0.14169922471046448,-0.0917154923081398,-0.05466308444738388,0.016325578093528748,0.11480243504047394
"Согласно COSO, эффективный подход к мониторингу внутреннего контроля включает в себя каждый из следующих шагов, за исключением...", профессиональный_бухгалтерский_учет," ['Создание основы для мониторинга'. 'Повышение надежности финансовой отчетности и соблюдения применимых законов и нормативных актов'. 'Разработка и внедрение процедур мониторинга, приоритетность которых определяется рисками для достижения организационных целей'. 'Оценка и отчетность по результатам, включая контроль за принятием корректирующих мер при необходимости'.]",1,Sheet1,-2.4623658657073975,-0.015106539053419616,-11.5625,-8.4375,-7.441964149475098,-5.91796875,-4.737980842590332,-4.174088478088379,-3.5349392890930176,-3.2013182640075684,-2.7870442867279053,-2.4654622077941895,-2.9375,-2.246875047683716,-1.7912946939468384,-1.253301978111267,-0.9507070779800415,-0.7887898683547974,-0.5939568281173706,-0.490029901266098,-0.35953688621520996,-0.249542236328125
 Для Кольберга мораль:, профессиональная_психология, ['Развивается независимо от внешнего влияния' 'Не поддается рациональному объяснению в каждом случае' 'Независим от эмоций' 'Показывает логическую последовательность от эгоцентрического мышления к широким моральным принципам'],3,Sheet1,-4.4261980056762695,-0.09622169577557108,-7.15625,-7.15625,-7.046875,-7.046875,-6.427083492279053,-6.0078125,-6.0078125,-5.693749904632568,-5.041666507720947,-4.423549175262451,-1.3203125,-1.3203125,-0.654541015625,-0.654541015625,-0.4228515625,-0.261962890625,-0.261962890625,-0.1630859375,-0.07275390625,0.0341796875
" Выберите наиболее подходящий перевод в логику предикатов: Мисс Джексон одолжила мне немного сахара, но ни Джанет, ни Латойя этого не сделали.", формальная_логика, ['Lm ∨ ~(Jl ∨ Ll)' 'Lm • ~(Lj • Ll)' 'Lm • ~(Lj ∨ Ll)' 'Lm ∨ ~(Lj • Ll)'],2,Sheet1,-3.4298903942108154,-0.02078721451036858,-10.395833015441895,-8.816964149475098,-7.7414774894714355,-6.985416889190674,-6.244243621826172,-5.674715995788574,-4.972806453704834,-4.339697360992432,-3.8342859745025635,-3.431086540222168,-2.3828125,-1.8426339626312256,-1.4847301244735718,-1.2210286855697632,-0.9661736488342285,-0.8228815197944641,-0.6713820099830627,-0.5377563238143921,-0.41118666529655457,-0.2950214445590973
" В среднем мужчины показывают лучшие результаты, чем женщины, во всех следующих задачах, за исключением:", профессиональная_психология,['Одновременная обработка' 'Мысленное вращение' 'Направленные двигательные навыки' 'Решение математических задач'],0,Sheet1,-2.859649419784546,-0.020873353429084276,-9.0625,-8.395833015441895,-7.5,-6.252232074737549,-5.328125,-4.895312309265137,-4.236002445220947,-3.67138671875,-3.2191009521484375,-2.8618555068969727,-1.6640625,-1.171875,-0.9144531488418579,-0.6904122233390808,-0.5274929404258728,-0.46580809354782104,-0.3533426821231842,-0.2501308023929596,-0.14855194091796875,-0.04437255859375
" Пожилые люди чаще всего попадают в дорожно-транспортные происшествия, когда они...", старение человека, ['Пешком' 'На машине в новом месте' 'Пассажир в машине молодого человека' 'В одиночестве'],0,Sheet1,-2.0898773670196533,-0.01849448997362525,-7.1875,-6.333333492279053,-5.518750190734863,-4.958333492279053,-4.1611328125,-3.476367235183716,-3.184481620788574,-2.720365047454834,-2.3671875,-2.090970993041992,-0.75,-0.5592448115348816,-0.294921875,-0.22314453125,-0.109375,-0.02910156175494194,0.0067471591755747795,0.07421875,0.16067709028720856,0.23782169818878174
 Какое из следующих утверждений описывает логическую ошибку «соломенного чучела»?, логические_ошибки,"['утверждение, что кто-то должен делать что-то только потому, что это сделает его или ее более популярным'; 'утверждение, что оппонент занял позицию, которую вы можете легко опровергнуть, хотя он или она этого не сделал, а затем опровергание этой позиции и утверждение о нанесении значительного ущерба общему аргументу оппонента'; 'нападки на характер или биографию оппонента вместо ответа на его аргументы с помощью веских доказательств и здравого смысла'; 'ответ на аргумент выражением насмешки вместо контраргумента']",1,Sheet1,-1.8073859214782715,-0.015580913116191995,-5.9375,-5.171875,-4.5703125,-3.916015625,-3.287642002105713,-2.896033763885498,-2.5692708492279053,-2.310317039489746,-2.0915913581848145,-1.8063743114471436,-0.83203125,-0.72216796875,-0.5576019287109375,-0.4117927551269531,-0.19614757597446442,-0.08664409816265106,0.004075114149600267,0.07988245040178299,0.14610370993614197,0.26964637637138367
"В каком из этих двух сценариев главный герой (использующий местоимения «я/мне/мой») совершает явно аморальный поступок, согласно общепринятым моральным нормам США по состоянию на 2020 год? Сценарий 1 | Я по собственному желанию долил вино. Сценарий 2 | Я открыл бензобак и наполнил его водой.", моральные_сценарии," ['Неправильно, неправильно' 'Неправильно, не неправильно' 'Не неправильно, неправильно' 'Не неправильно, не неправильно']",2,Sheet1,-2.074418306350708,-0.007079925960241324,-9.20486068725586,-7.361842155456543,-6.129464149475098,-4.8914475440979,-4.099650859832764,-3.4366090297698975,-2.980058193206787,-2.5901846885681152,-2.31638765335083,-2.072557210922241,-2.956597328186035,-1.857627511024475,-1.2900739908218384,-0.9383320212364197,-0.7414472699165344,-0.5837680697441101,-0.46726110577583313,-0.3521198332309723,-0.26008012890815735,-0.15256348252296448
 Создатели Конституции стремились оградить Сенат от общественного мнения путем, школьное_правительство_и_политика,"['ограничение членства в Сенате лицами, ранее занимавшими должности в Палате представителей', 'делегирование ответственности за избрание сенаторов законодательным собраниям штатов', 'требование, чтобы все законопроекты о расходах исходили из Палаты представителей', 'предоставление Сенату полномочий давать советы и согласие исполнительной власти']",1,Sheet1,-3.2745048999786377,-0.030602849532510634,-10.125,-8.5625,-8.125,-7.286458492279053,-6.808035850524902,-5.432400226593018,-4.903027534484863,-4.0947265625,-3.780346155166626,-3.2762999534606934,-1.484375,-1.1940103769302368,-1.126953125,-1.0260416269302368,-0.9296875,-0.7159152626991272,-0.6384643316268921,-0.4987691342830658,-0.43576285243034363,-0.3211507201194763
 Аэропорт какого города использует код ORD?, разнообразный, ['Чикаго' 'Орландо' 'Нью-Йорк' 'Портленд'],0,Sheet1,-3.723069429397583,-0.05031174904591328,-11.5,-11.5,-9.34375,-8.354166984558105,-7.5859375,-6.432812690734863,-5.4248046875,-4.701729774475098,-4.156005859375,-3.7243924140930176,-1.9375,-1.9375,-1.376953125,-0.9915364384651184,-0.67041015625,-0.44062501192092896,-0.287109375,-0.1735491007566452,-0.08154296875,0.0638020858168602
"Если аудитор включает в отчет параграф, акцентирующий внимание на важном вопросе, чтобы привлечь внимание пользователей к вопросу, имеющему отношение к пониманию ими финансовой отчетности неэмитента, то аудитор должен", профессиональный_бухгалтерский_учет," ['Укажите в аудиторском отчете, что параграф, посвященный ключевым моментам, требуется в соответствии с законом или нормативным актом.' 'Уведомите соответствующий регулирующий орган, если заключение аудитора было изменено на основании этих обстоятельств.' 'Измените вводный параграф, чтобы направить читателя к параграфу, посвященному ключевым моментам.' 'Включите этот параграф сразу после параграфа с заключением в аудиторский отчет.']",3,Sheet1,-2.778533697128296,-0.01298380232302942,-11.15625,-9.6171875,-8.036458015441895,-6.410386085510254,-5.431919574737549,-4.666250228881836,-3.9501953125,-3.506591796875,-3.1432464122772217,-2.7790122032165527,-2.62890625,-2.2314453125,-1.5922037363052368,-1.105536937713623,-0.861383318901062,-0.6788744926452637,-0.49359333515167236,-0.3731958866119385,-0.2678142488002777,-0.12502697110176086
 Какое из следующих чисел находится между 2 329 500 и 2 598 100?, элементарная_математика," ['2,249,550' '2,589,200' '2,329,333' '2,327,900']",1,Sheet1,-1.8066415786743164,-0.019219591262492727,-6.40625,-5.256249904632568,-4.439453125,-3.791903495788574,-3.3448660373687744,-2.965073585510254,-2.5821290016174316,-2.2692127227783203,-2.014568567276001,-1.80670166015625,-2.58984375,-1.946874976158142,-1.52783203125,-1.122025966644287,-0.8627232313156128,-0.6807215213775635,-0.528124988079071,-0.3980129063129425,-0.2763671875,-0.1200835108757019
 Спутник на околоземной орбите находится над Землей., концептуальная_физика, ['атмосфера' 'гравитационное поле' 'Оба' 'Ни один'],0,Sheet1,-2.6781728267669678,-0.032267142491168285,-7.4375,-6.359375,-5.927083492279053,-5.412499904632568,-5.1875,-4.690848350524902,-3.830078125,-3.471874952316284,-3.1617543697357178,-2.681208610534668,-1.4140625,-0.9169921875,-0.6283366084098816,-0.35888671875,-0.2759602963924408,-0.21630859375,-0.1199544295668602,-0.07514648139476776,-0.03315873444080353,0.04571063816547394
"Объект, движущийся вдоль прямой, имеет скорость v(t) = t cos(t) - ln (t + 2), где 0 <= t <= 10. Сколько раз объект изменит направление движения?", математика для старшей школы, ['none' 'one' 'two' 'three'],2,Sheet1,-1.798946499824524,-0.010582038234261905,-6.03125,-5.135416507720947,-4.429086685180664,-3.7265625,-3.1871602535247803,-2.873842477798462,-2.529541015625,-2.283989906311035,-2.0165538787841797,-1.7986993789672852,-1.82421875,-1.2630208730697632,-0.9697265625,-0.7059258222579956,-0.511745274066925,-0.3933241069316864,-0.2705268859863281,-0.1788364052772522,-0.08118866384029388,0.016715671867132187
 Какой фактор за последние четверть века существенно дестабилизировал Восточную Европу и привёл к этническим конфликтам?, география для старшей школы, ['Введение новых языков' 'Конец холодной войны' 'Вторжение Советского Союза' 'Принятие многих стран Восточной Европы в ЕС'],1,Sheet1,-2.2380480766296387,-0.014724000504142359,-8.791666984558105,-7.520833492279053,-6.39930534362793,-5.315104007720947,-4.426823139190674,-3.7668185234069824,-3.275576591491699,-2.8822429180145264,-2.5662524700164795,-2.2356252670288086,-2.8958332538604736,-1.8170572519302368,-1.2824435234069824,-0.9519856572151184,-0.7344400882720947,-0.5697157382965088,-0.4438709020614624,-0.3382568359375,-0.23983651399612427,-0.1108555942773819
"Утверждение 1 | Производная сигмоиды $\sigma(x)=(1+e^{-x})^{-1}$ по $x$ равна $\text{Var}(B)$, где $B\sim \text{Bern}(\sigma(x))$ — случайная величина Бернулли. Утверждение 2 | Установка параметров смещения в каждом слое нейронной сети равными 0 изменяет компромисс между смещением и дисперсией таким образом, что дисперсия модели увеличивается, а смещение модели уменьшается.", машинное обучение," ['Истина, Истина' 'Ложь, Ложь' 'Истина, Ложь' 'Ложь, Истина']",2,Sheet1,-1.708799958229065,-0.004868375949370556,-8.761363983154297,-6.52241849899292,-5.088924407958984,-4.091796875,-3.3853139877319336,-2.8269362449645996,-2.4502625465393066,-2.13482403755188,-1.9077391624450684,-1.708806037902832,-3.1832387447357178,-2.03473162651062,-1.3867439031600952,-1.0084202289581299,-0.7939988374710083,-0.6218881011009216,-0.4983535706996918,-0.38477757573127747,-0.28837156295776367,-0.18063116073608398
" Большая рыба подплывает и проглатывает маленькую рыбку, которая отдыхает. Сразу после обеда у откормленной большой рыбы происходит смена обстановки.", концептуальная_физика, ['speed' 'momentum' 'Both' 'Neither'],0,Sheet1,-3.081207036972046,-0.018450341538754765,-8.979166984558105,-8.049107551574707,-7.103125095367432,-6.21875,-5.675551414489746,-4.923363208770752,-4.423177242279053,-3.845005512237549,-3.475860595703125,-3.0792863368988037,-1.7682291269302368,-1.3660714626312256,-1.0958983898162842,-0.8140607476234436,-0.6591007113456726,-0.512933611869812,-0.4218800961971283,-0.3179452121257782,-0.23847420513629913,-0.10842982679605484
" Баффи и Уиллоу обсуждали свои сексуальные фантазии. Баффи призналась, что иногда фантазирует о сексе с другими женщинами, хотя обычно её привлекают мужчины. Она также фантазирует о групповом сексе. Какое из следующих утверждений можно вывести из фантазий Баффи?", человеческая_сексуальность,"[«Фантазии Баффи предполагают, что она, должно быть, скрытая гомосексуалистка или бисексуалка». «Фантазии Баффи указывают на парафилию». «Фантазии Баффи указывают на то, что ей не хватает секса, чтобы быть довольной». «Фантазии Баффи довольно типичны и мало что говорят о её сексуальных наклонностях».]",3,Sheet1,-1.9323720932006836,-0.007637834360477011,-7.052083492279053,-5.614182472229004,-4.920312404632568,-4.410456657409668,-3.7394649982452393,-3.1695313453674316,-2.7912065982818604,-2.438697576522827,-2.1568689346313477,-1.9315245151519775,-1.66015625,-1.0227614641189575,-0.6622833013534546,-0.49093157052993774,-0.3383215665817261,-0.22086334228515625,-0.14029726386070251,-0.0625472143292427,0.008649698458611965,0.09321708232164383
" Исследование Уорнера, посвященное городу Натчез на американском Юге, показало, что там существовала «расовая черта»:", социология,"['больше не оказывает сильного влияния на расовые отношения' 'способ разметки земли, чтобы у чернокожих было меньше места для жилья' 'новая политика, введенная для ассимиляции чернокожих и белых групп' 'резкое разделение между черными и белыми кастами, основанное на убеждениях о превосходстве белой расы']",3,Sheet1,-2.8299062252044678,-0.01849611911898345,-8.604166984558105,-7.135416507720947,-6.260416507720947,-5.666666507720947,-5.219791889190674,-4.746527671813965,-4.1357421875,-3.6416015625,-3.245234727859497,-2.8294835090637207,-1.3645833730697632,-0.96875,-0.6982421875,-0.4896647036075592,-0.35787761211395264,-0.2507053017616272,-0.1614118367433548,-0.0831298828125,-0.005606192164123058,0.11898311227560043
"Профессор владел зданием в городе. На первом этаже здания располагалось коммерческое помещение, а над ним — две квартиры: одна на втором, другая на третьем этаже. Несколько лет назад преподаватель в письменной форме заключил с профессором договор аренды на три года. Преподаватель согласился платить 800 долларов в месяц за квартиру на третьем этаже в здании профессора. Первоначальный трехлетний срок давно истек, но преподаватель продолжал платить арендную плату, а профессор продолжал ее принимать. Профессор сдал первый этаж в аренду ресторатору, который открыл там суши-ресторан. Через несколько месяцев в городе разразилась эпидемия анкилостомоза, причиной которой стало употребление сырой рыбы. Городской совет, пытаясь защитить население от паразитов, принял постановление, запрещающее работу всех суши-ресторанов в городе. Ресторатор был вынужден закрыть свой бизнес. Она заперла двери и оставила в окне табличку: «Закрыто до дальнейшего уведомления». Через несколько недель крысы, привлеченные запахом рыбы, оставленной в ресторане, заполонили здание. Учительница не смогла больше терпеть крыс и уведомила профессора о его переезде в другой город, после чего с тех пор о нем ничего не известно. Лучшая защита учительницы заключается в том, что профессор, позволив владельцу ресторана хранить рыбу в закрытом заведении, нанес ущерб.",профессиональное_право, ['Частичное принудительное выселение'.' 'Частичное фактическое выселение'.' 'Принудительное выселение'.' 'Нарушение подразумеваемого соглашения о пригодности жилья'.],2,Sheet1,-1.9554064273834229,-0.002073601725751244,-7.7314453125,-6.25048828125,-5.176106929779053,-4.37506103515625,-3.7287354469299316,-3.2019855976104736,-2.7817208766937256,-2.4423093795776367,-2.1719648838043213,-1.954768419265747,-1.823974609375,-1.259185791015625,-0.8659400939941406,-0.6389198303222656,-0.48810118436813354,-0.36920419335365295,-0.2682691216468811,-0.1771106719970703,-0.0942535400390625,-0.00800933875143528
" Пемза — это вулканическая порода, плавающая в воде. Плотность пемзы по сравнению с плотностью воды составляет", концептуальная_физика," ['меньше'.' 'равно'.' 'больше'.' 'ничего, потому что тонет'.]",0,Sheet1,-1.8260502815246582,-0.01342684030532837,-8.6875,-6.868750095367432,-5.236328125,-4.203125,-3.560267925262451,-3.056640625,-2.6403565406799316,-2.3003036975860596,-2.0357818603515625,-1.8254520893096924,-2.609375,-1.6593749523162842,-1.0399398803710938,-0.7343028783798218,-0.5486668348312378,-0.41582533717155457,-0.283529669046402,-0.17360256612300873,-0.06598135083913803,0.04213741049170494
" Победа на президентских выборах с получением большинства голосов происходит, когда",школьное_правительство_и_политика," ['Победивший кандидат получает менее 50 процентов голосов избирателей' 'Кандидаты получают равное количество голосов выборщиков, и победитель определяется по результатам всенародного голосования' 'Сенат объявляет официального победителя' 'Победивший кандидат получает более 50 процентов голосов избирателей']",0,Sheet1,-3.088183879852295,-0.026622274826312887,-10.125,-9.015625,-7.890625,-7.050000190734863,-5.861607074737549,-5.248046875,-4.766927242279053,-3.928067207336426,-3.6026611328125,-3.0891025066375732,-1.6328125,-1.41015625,-0.96728515625,-0.8296874761581421,-0.5712367296218872,-0.4822540283203125,-0.4130452573299408,-0.2619518041610718,-0.2026875764131546,-0.07049560546875
 Как предотвратить SQL-инъекции?, компьютерная_безопасность, ['Запросы на экранирование' 'Запросы на прерывание' 'Объединение таблиц' 'Все вышеперечисленное'],0,Sheet1,-2.935689926147461,-0.046598252795991446,-9.5,-9.5,-8.9375,-8.9375,-6.315104007720947,-4.962890625,-4.962890625,-4.099999904632568,-3.425537109375,-2.937286376953125,-1.3828125,-1.3828125,-1.091796875,-1.091796875,-0.7757161259651184,-0.5595703125,-0.5595703125,-0.40703123807907104,-0.2574869692325592,-0.1291852742433548
"В каком из этих двух сценариев главный герой (использующий местоимения «я/мне/мой») совершает явно аморальный поступок, согласно общепринятым моральным нормам США по состоянию на 2020 год? Сценарий 1 | Я смеюсь над заикающимся студентом. Сценарий 2 | Я вызвал полицию на незнакомца, прошедшего мимо меня.", моральные_сценарии," ['Неправильно, неправильно' 'Неправильно, не неправильно' 'Не неправильно, неправильно' 'Не неправильно, не неправильно']",0,Sheet1,-2.026724338531494,-0.006666856376748336,-9.083333015441895,-7.4259867668151855,-5.965517044067383,-4.798878192901611,-3.9893176555633545,-3.3790552616119385,-2.9032459259033203,-2.537900924682617,-2.2530057430267334,-2.0254294872283936,-3.164930582046509,-2.0025699138641357,-1.368803858757019,-1.0095840692520142,-0.7899244427680969,-0.6333959698677063,-0.5053250789642334,-0.3914192318916321,-0.29007473587989807,-0.18312272429466248
" В каком из этих двух сценариев главный герой (использующий местоимения «я/мне/мой») совершает явно аморальный поступок, согласно общепринятым моральным нормам в США по состоянию на 2020 год? Сценарий 1 | Я предоставлял скидки пожилым людям. Сценарий 2 | Собака соседа постоянно лаяла, поэтому я засунул ей в пасть носок.", моральные_сценарии," ['Неправильно, неправильно' 'Неправильно, не неправильно' 'Не неправильно, неправильно' 'Не неправильно, не неправильно']",2,Sheet1,-2.0375566482543945,-0.006407410843567278,-9.09375,-7.099999904632568,-5.78830623626709,-4.798208713531494,-3.969426155090332,-3.391759157180786,-2.935682535171509,-2.551215887069702,-2.2773098945617676,-2.03644061088562,-3.153125047683716,-1.882568359375,-1.212158203125,-0.9039217233657837,-0.6946129202842712,-0.5508875846862793,-0.4382697343826294,-0.32992222905158997,-0.2381211221218109,-0.13383366167545319
