question,тақырып,таңдаулар,жауап,sheet,loss,zlib,mink_0.1,mink_0.2,mink_0.3,mink_0.4,mink_0.5,mink_0.6,mink_0.7,mink_0.8,mink_0.9,mink_1.0,minkpp_0.1,minkpp_0.2,minkpp_0.3,minkpp_0.4,minkpp_0.5,minkpp_0.6,minkpp_0.7,minkpp_0.8,minkpp_0.9,minkpp_1.0
" Егер психолог қылмыстық іс бойынша сотта талапкердің куәгері де, соттың сарапшысы да ретінде әрекет етсе, ол:", кәсіби_психология, ['қос рөлдерді қабылдау арқылы этикалық емес.' 'талапкермен бұрын қарым-қатынасы болмаған жағдайда.' 'этикалық тұрғыдан барлық тараптармен өз рөлдерін түсіндірген жағдайда.' 'соттан бас тарту туралы рұқсат алған жағдайда.'],2,Sheet1,-2.0524609088897705,-0.014253200756178962,-6.8671875,-5.854166507720947,-5.197544574737549,-4.517269611358643,-3.8592121601104736,-3.4140625,-2.9508168697357178,-2.5842413902282715,-2.2895848751068115,-2.051732301712036,-1.763671875,-1.2458767890930176,-0.8010515570640564,-0.5661942362785339,-0.4072214663028717,-0.3154950737953186,-0.21916060149669647,-0.13193552196025848,-0.05409418046474457,0.0220972690731287
 Терроризмге қатысты көзқарас үкіметтің жауабына қалай әсер етеді?, қауіпсіздікті зерттеу,"[«Ауруға қарсы рецепт бойынша реформа пакеттері үкіметтің халық арасындағы террористік топтың тартымдылығын азайтуға бағытталған жауабының бір бөлігіне айналады. Дегенмен, реформалар террористерді зорлық-зомбылық әрекеттерін жалғастыруға итермелеуі мүмкін, себебі олар марапатталып жатыр. Мұндай жағдайларда реформалар зорлық-зомбылықты тоқтату механизмі емес, оны күшейтетін жеңілдіктерге айналуы мүмкін. Сондай-ақ, реформалар терроризмнің болуын жоймауы мүмкін екені анық». «Терроризмге қарсы қазіргі заманғы жауаптар кек алу және жазалау нормалары басым болатын терроризмге қарсы соғыс аналогиясы аясында қабылданды. Бұл көзқарастың жасырын бөлігі оқу орындарына, штаб-пәтерге, қаржыландыру көздеріне және тіпті маңызды тұлғаларды өлтіруге қарсы алдын ала шаралар қабылдаудың негіздемесі болып табылады». «Соғыс аналогиясы кейде тежеуді болжаса да, тежеу әділет жүйесі үшін маңыздырақ. Қалыпты қылмыстық контексте қолжетімді алдын алу шараларының көлемі күдіктілерді ұстау немесе сот қудалауы болып табылады». «Осы нұсқалардың барлығы. Егер соғыс соғыс, қылмыс немесе ауру ретінде қарастырылса, террористік шабуылдарға жауаптар ашық немесе жанама түрде өзгереді.»",3,Sheet1,-2.0235540866851807,-0.019271943682716005,-8.697916984558105,-6.765625,-5.684027671813965,-4.7890625,-3.93310546875,-3.3599917888641357,-2.9240057468414307,-2.5852930545806885,-2.3115932941436768,-2.023130416870117,-4.322916507720947,-2.6487629413604736,-1.8478732109069824,-1.37335205078125,-1.0041046142578125,-0.8135921955108643,-0.6617209911346436,-0.5379394292831421,-0.4320330023765564,-0.29148101806640625
"Джордж танымал қылмыскерді өлтірді деген айыппен айыпталды. Зардап шегуші көлігінде атып өлтірілген күйінде табылды. Атыстың жалғыз куәгері - жәбірленушінің үй жануары, ол жәбірленушінің денесінің үстінде қалықтап жүргенде «Джордж... Джордж...» деп қайталап тұрған. Зардап шегушінің өлтірушісінің кім екенін дәлелдеу үшін айыптау тарапы кісі өлтіру болған кезде сол жерде болғанын және жәбірленушінің тотысының Джордждың атын атағанын естігенін куәландыратын куәлік береді. Айғақтарға ең жақсы қарсылық - бұл...", кәсіби_құқық, ['қауесет.' 'маңызды емес.' 'пікір куәлігі.' 'өзімшіл.'],1,Sheet1,-1.915494680404663,-0.004764912140310107,-7.43070650100708,-5.882978916168213,-4.917473793029785,-4.2228617668151855,-3.6338629722595215,-3.137791633605957,-2.7235798835754395,-2.39469313621521,-2.129920244216919,-1.9155961275100708,-2.4762227535247803,-1.562001347541809,-1.06436026096344,-0.7767809629440308,-0.5877572894096375,-0.4490450918674469,-0.33124735951423645,-0.2309146225452423,-0.13928678631782532,-0.048297785222530365
Елдер халықаралық құқық бойынша міндеттемелерін бұзу үшін сылтау ретінде өздерінің ішкі заңнамасына сүйене ала ма?, халықаралық құқық, ['Ішкі құқық әрқашан халықаралық құқықтан басым болады' 'Тек дәстүрлі халықаралық құқық ішкі құқықтан басым болады' 'Халықаралық құқық бойынша міндеттемелер ішкі құқықтан басым болады' 'Конституциялық міндеттемелер әрқашан халықаралық құқық бойынша міндеттемелерден басым болады'],2,Sheet1,-1.5946440696716309,-0.011073917150497437,-6.8125,-5.495312690734863,-4.431250095367432,-3.7007813453674316,-3.02734375,-2.622290849685669,-2.2881131172180176,-2.0207161903381348,-1.8030860424041748,-1.5951873064041138,-1.0851562023162842,-0.726855456829071,-0.4746866822242737,-0.340109258890152,-0.226409912109375,-0.14377322793006897,-0.0733489990234375,-0.013289288617670536,0.048659615218639374,0.1295083910226822
"30 жастағы босанбаған әйел көңіл-күйінің өзгеруіне шағымданып клиникаға келді. Ол соңғы бірнеше ай бойы мазасызданып, шамадан тыс белсенді болып, етеккір басталғанға дейін 3-4 күн бұрын ұйықтай алмайтынын айтады. Ол сонымен қатар етеккірі басталған күні қатты депрессияға түсетінін, тәбетінің болмауын, ашушаңдығын және енжарлығын сезінетінін айтады. Оның психиатриялық тарихы жоқ. Физикалық тексеру нәтижелері қалыпты. Ол және оның күйеуі 2 жылдан астам уақыт бойы жүкті болуға тырысып келеді. Анамнезінде шамамен 1 жыл бұрын жабық жатыр түтігін түзету үшін тубопластика жасалғаны анықталды. Ең ықтимал диагноз:", кәсіби_медицина, ['депрессивті көңіл-күймен бейімделу бұзылысы' 'аралас биполярлық I бұзылыс' 'циклотимиялық тұлға' 'жалпыланған мазасыздық бұзылысы'],0,Sheet1,-1.5391732454299927,-0.002909590256011328,-6.5613837242126465,-5.097587585449219,-4.138172149658203,-3.4663515090942383,-2.9443564414978027,-2.518145799636841,-2.1938867568969727,-1.9259209632873535,-1.7114201784133911,-1.5387604236602783,-1.6485769748687744,-1.0656695365905762,-0.7058950066566467,-0.5132023096084595,-0.3784431517124176,-0.2733079791069031,-0.18833588063716888,-0.10981503874063492,-0.03609945625066757,0.0450335256755352
 Идеал снарядтың көлденең ығысуы (ұшу қашықтығы) оның ең үлкен тік ығысуына тең болуы үшін оны көлденеңге қандай бұрышпен ұшыру керек?, орта мектеп_физикасы, ['sin–1 (1/г)' 'cos–1 (1/г)' '45°' 'тон-1 4'],3,Sheet1,-1.9675650596618652,-0.012532261526508695,-8.817708015441895,-6.602163314819336,-5.266406059265137,-4.484375,-3.8151042461395264,-3.2578125,-2.8559677600860596,-2.485218048095703,-2.196826696395874,-1.967307448387146,-1.7486978769302368,-1.195462703704834,-0.8254241943359375,-0.626326322555542,-0.4704756438732147,-0.3545242249965668,-0.27289217710494995,-0.18820592761039734,-0.09857279807329178,-0.003502689301967621
 Полиовирус келесі процестердің қайсысы арқылы оңайырақ вирулентті бола алады?, вирусология, ['РНҚ геномының бірнеше позицияда ғана мутациясы' 'Басқа энтеровируспен рекомбинациясы' 'Ақуыз қабығын өзгерту' 'Көптеген нуклеотидтік делециялар мен орын басулары'],0,Sheet1,-2.161116361618042,-0.01895716106682493,-8.333333015441895,-7.4375,-6.5,-5.104567527770996,-4.337158203125,-3.7170023918151855,-3.0929219722747803,-2.739304780960083,-2.4577972888946533,-2.1603522300720215,-1.8854166269302368,-1.64453125,-1.2206488847732544,-0.8353599905967712,-0.6562690734863281,-0.5290559530258179,-0.39959716796875,-0.31502825021743774,-0.23657436668872833,-0.13012880086898804
 Америка Құрама Штаттарының Вьетнам соғысына қатысуының күшеюінің құқықтық негізі болды, әртүрлі, ['Конгресстің соғыс жариялауы' 'Конгресстің Тонкин шығанағы туралы қарарын қабылдауы' 'Солтүстік Вьетнамның Оңтүстік Вьетнамға басып кіруін айыптайтын Біріккен Ұлттар Ұйымының қарары' 'Солтүстік Атлантикалық Шарт Ұйымының (НАТО) өзара қорғаныс ережелері'],1,Sheet1,-1.8103985786437988,-0.01448318862915039,-7.697916507720947,-5.765625,-4.821875095367432,-4.0234375,-3.429253578186035,-3.021763324737549,-2.5874218940734863,-2.3208181858062744,-2.0352554321289062,-1.8101907968521118,-1.7708333730697632,-1.2260044813156128,-0.8787841796875,-0.6136474609375,-0.4441324770450592,-0.3443661630153656,-0.2304394543170929,-0.1560145765542984,-0.05924224853515625,0.0367499440908432
"Өзінен үлкен көрінетін 15 жастағы кәмелетке толмаған жасөспірім жеке сатушыдан көлік сатып алды. Кәмелетке толмаған бала 2000 доллар бастапқы төлем жасап, қалған 4000 долларды келесі екі жыл ішінде бөліп төлеуге келісті. Кәмелетке толмаған бала көлікті жұмыс үшін алуға мәжбүр болды, себебі оның басқа қаражаты болмады. Кейінірек кәмелетке толмаған бала көлікті апатқа ұшыратты. Ол келісімшартты бұзып, зақымдалған көлікті қайтарып берді және алғашқы жарнасын қайтаруды талап етті. Сатушының бұл мәселе бойынша қандай да бір өтемақы алуға құқығы бар ма?", кәсіби_құқық," [«Жоқ, сатушы алғашқы жарнаны қайтаруы тиіс, себебі кәмелетке толмаған бала келісімшартты бұзғанын мәлімдеді.» «Сатушы алғашқы жарнаны сақтай алмайды және мәміледен басқа ешқандай пайда ала алмайды.» «Сатушы кәмелетке толмаған балаға көлікті сатып алмас бұрын оның жасын көрсетпегені үшін жалған ақпарат бергені және алаяқтық жасағаны үшін сотқа бере алады.» «Сатушы өтемақы талап арызында көлікті пайдаланудың тек ақылға қонымды құнын ғана ала алады.»]",3,Sheet1,-1.410850167274475,-0.003235894879069897,-5.701822757720947,-4.599935054779053,-3.8400607109069824,-3.237234115600586,-2.729839324951172,-2.338618040084839,-2.0099780559539795,-1.7655935287475586,-1.5724624395370483,-1.410718560218811,-2.392578125,-1.3958333730697632,-0.9390937089920044,-0.6799467206001282,-0.5196623802185059,-0.4025474786758423,-0.3054816722869873,-0.21827808022499084,-0.13766954839229584,-0.0525987409055233
" Оттегі қол жетімсіз болған кезде, бұл процесс NAD+ қалпына келтіреді, бұл тыныс алуды жалғастыруға мүмкіндік береді.", орта мектеп_биологиясы, ['Гликолиз' 'Хемиосмоз' 'Ашыту' 'Кальвин циклі'],2,Sheet1,-1.7705363035202026,-0.01180357535680135,-8.081250190734863,-6.162499904632568,-4.956250190734863,-4.109375,-3.545522928237915,-3.012159824371338,-2.532510280609131,-2.233593225479126,-1.9966391324996948,-1.7706044912338257,-2.8265624046325684,-1.8117187023162842,-1.2057901620864868,-0.8461071252822876,-0.6606515645980835,-0.52423095703125,-0.3951696455478668,-0.2977164089679718,-0.20736759901046753,-0.09139496088027954
" Халықаралық сауда әрқашан екі елге де пайда әкеледі, сондықтан елдер неге өз фирмаларын әлемдік нарыққа шығудан қорғауға тырысады?", АҚШ_шетелдік_саясат," ['Басшылықтың ақылға сыймайтындығы' 'Еркін сауда шығындары шоғырланған, бірақ пайдасы шашыраңқы' 'Режим түрі' 'Халықаралық қақтығыс саудаға кедергі келтіреді']",1,Sheet1,-1.5487533807754517,-0.009802236587186403,-7.572916507720947,-5.58984375,-4.310443878173828,-3.600937604904175,-2.9825439453125,-2.5687191486358643,-2.2411997318267822,-1.9409849643707275,-1.738166093826294,-1.5481758117675781,-3.8307292461395264,-2.0889689922332764,-1.3062165975570679,-0.9679003953933716,-0.7189102172851562,-0.5618896484375,-0.43501976132392883,-0.31242820620536804,-0.21272358298301697,-0.08691787719726562
" 1-мәлімдеме | CIFAR-10 жіктеу өнімділігі конволюциялық нейрондық желілер үшін 95%-дан асуы мүмкін. 2-мәлімдеме | Нейрондық желілердің жиынтығы жіктеу дәлдігін жақсартпайды, себебі олар үйренетін көріністер жоғары корреляцияға ие.", машиналық оқыту," ['Шын, Рас' 'Жалған, Жалған' 'Шын, Жалған' 'Жалған, Рас']",2,Sheet1,-1.886171817779541,-0.007484808800712464,-8.765625,-6.715773582458496,-5.23974609375,-4.369791507720947,-3.6659786701202393,-3.123626708984375,-2.7182881832122803,-2.3728487491607666,-2.1022536754608154,-1.886352300643921,-2.3375000953674316,-1.528087854385376,-1.027811050415039,-0.7673819661140442,-0.5857912302017212,-0.4541940689086914,-0.35739630460739136,-0.26516616344451904,-0.17236392199993134,-0.0718463659286499
 Неліктен науқасқа трахеостомия қажет болуы мүмкін?, клиникалық_білім, ['Сал ауруынан кейін дауыс байламдарын қалпына келтіру үшін.' 'Жұтынуға көмектесу үшін.' 'Науқастарды өкпе желдеткішінен ажыратуға көмек ретінде.' 'Мойын операциясына дейін.'],2,Sheet1,-1.6981091499328613,-0.019518495976239784,-7.640625,-6.17578125,-4.807291507720947,-3.738715171813965,-3.284090995788574,-2.932992696762085,-2.4412841796875,-2.1717529296875,-1.9549667835235596,-1.699971079826355,-0.962890625,-0.6923828125,-0.45220947265625,-0.2844373881816864,-0.21638627350330353,-0.1463623046875,-0.02358245849609375,0.0536905936896801,0.12156371772289276,0.23274563252925873
"Бейсбол жанкүйері Дүниежүзілік сериядағы бейсбол ойынына екі билет сатып алды. Жанкүйер ең жақын досына хабарласып, оны ойынға шақырды. Бейсболдың жанкүйері болған досы қуана келісті. Жанкүйер досына ойын сағат 19:00-де басталатынын және оны шамамен сағат 17:00-де алып кететінін, соққы жаттығуын көру үшін ертерек келетінін айтты. Олар ойынға бірге көлікпен бара жатқанда, бағдаршам сарыдан қызылға ауысып жатқанда, жанкүйер қиылыстан өту үшін жылдамдықты арттырды. Ол қиылысқа жеткенде, белгіленген жылдамдық шегі сағатына 25 миль болса да, жанкүйер сағатына 50 миль жылдамдықпен келе жатты. Сонымен қатар, қызыл түспен қиылысқа көлік кіріп, жанкүйердің көлігімен соқтығысты. Соқтығысу кезінде досының жамбасы сынған. Бұл юрисдикция келесі «өзгертілген» салыстырмалы немқұрайлылық туралы заңды қабылдады: «Немқұрайлы талапкер, егер талапкердің немқұрайлылығы жауапкердің немқұрайлылығына тең немесе одан көп болмаса, өтемақы алуға құқылы; әйтпесе өтемақы алуға жол берілмейді». Айталық, досы қызыл бағдаршамда қиылысқа кірген көлік жүргізушісіне өзінің жарақаты үшін өтемақы өндіріп алу үшін талап арыз берді. Аджури келесі тұжырымдармен арнайы шешім шығарды: (1) Желдеткіш жылдамдықты 55 пайызға арттырған; (2) Жүргізуші қызыл бағдаршамда жүру кезінде 45 пайызға немқұрайлы болған; және (3) Досына 100 000 АҚШ доллары көлемінде залал келтірілген. Нәтижесінде, сот досы үшін ... мөлшерінде шешім шығаруы керек.",кәсіби_құқық," ['$100,000. 00' '$55,000. 00' '$45,000. 00' 'ештеңе, себебі желдеткіш жүргізушіге қарағанда немқұрайлы болды.']",0,Sheet1,-1.632336139678955,-0.0016985807905087983,-7.038602828979492,-5.388327121734619,-4.438929557800293,-3.744600296020508,-3.158961296081543,-2.6930243968963623,-2.3282713890075684,-2.0427963733673096,-1.816969633102417,-1.6321486234664917,-4.033394813537598,-2.3528645038604736,-1.5800046920776367,-1.1686855554580688,-0.9124971032142639,-0.7255260944366455,-0.5766184329986572,-0.4516248404979706,-0.34014853835105896,-0.22760069370269775
 Қалалық аймақтың ең жақсы анықтамасы -,орта мектеп географиясы, ['орталық қала және оның дамыған аймақтары.' 'орталық қала және оны қоршаған маңайлар.' 'орталық қала және оның ішкі аймақтары.' 'орталық қала және оған іргелес уездер.'],1,Sheet1,-1.8259016275405884,-0.02945002625065465,-5.0625,-4.135416507720947,-3.778125047683716,-3.5714285373687744,-3.293402671813965,-2.870028495788574,-2.547476053237915,-2.2688801288604736,-2.030043601989746,-1.826838493347168,-1.65625,-0.82861328125,-0.4336914122104645,-0.23974609375,-0.11767578125,-0.02880859375,0.047588642686605453,0.11806640774011612,0.18000344932079315,0.24555407464504242
" Мәселелерге баса назар аудару, акционерлерден тысқары мақсатты аудитория және ___________ ерікті сипаты оны _________-ден ерекшелендіреді.", бизнес_этикасы,"['Қаржылық есеп, Қоршаған ортаны басқару бастамалары' 'Қаржылық есеп, Әлеуметтік есеп.' 'Әлеуметтік есеп, Қаржылық есеп.' 'Жылдық есеп жариялау, Әлеуметтік есеп']",2,Sheet1,-3.122418165206909,-0.01988801379112681,-9.168749809265137,-7.746874809265137,-6.824999809265137,-6.214062690734863,-5.59499979019165,-5.020833492279053,-4.498995304107666,-3.9703125953674316,-3.5363714694976807,-3.121694564819336,-2.5687499046325684,-1.939062476158142,-1.5190104246139526,-1.203369140625,-0.9717797636985779,-0.7963317632675171,-0.6585466861724854,-0.5447586178779602,-0.4445597231388092,-0.3299117684364319
10 мкФ конденсаторды 100 В потенциалдар айырымына дейін зарядтау үшін қанша жұмыс істеу керек?, орта мектеп_физикасы," ['0,005 Дж' '0,01 Дж' '0,05 Дж' '0,1 Дж']",2,Sheet1,-2.275115489959717,-0.016852707333034938,-8.541666984558105,-6.5848212242126465,-5.471590995788574,-4.712500095367432,-4.068256378173828,-3.676846504211426,-3.247596263885498,-2.8690104484558105,-2.540175437927246,-2.273606061935425,-1.8072916269302368,-1.2446986436843872,-0.8605069518089294,-0.6252197027206421,-0.47146767377853394,-0.3812977075576782,-0.2663715183734894,-0.1686808317899704,-0.07473216205835342,0.033566124737262726
" Төмендегі нұсқалардың қайсысы келесі тұжырымды толықтырады? ""Оң жақ атриовентрикулярлық қақпақша...""", анатомия," ['жартылай ай тәрізді қақпақша', 'пепиллярлы бұлшықеттермен бұрылуына жол бермейді.' 'систола кезінде ашық.' 'жүрек босаңсыған кезде өкпе сабағынан қанның қайтуына жол бермейді.']",1,Sheet1,-1.9602580070495605,-0.013902539057089082,-9.265625,-6.701388835906982,-5.3984375,-4.643229007720947,-3.85495924949646,-3.2268764972686768,-2.84844970703125,-2.483147621154785,-2.1936326026916504,-1.9605985879898071,-2.72998046875,-1.3230522871017456,-0.83819580078125,-0.6272990107536316,-0.4426959455013275,-0.3051190972328186,-0.22053146362304688,-0.13635914027690887,-0.0651128888130188,0.01678077131509781
 Полимеразды тізбекті реакция немесе ПТР - бұл әдіс, медициналық_генетика, ['ДНҚ-ны генетикалық материал ретінде көрсету үшін пайдаланылды' 'топырақ үлгісіндегі минералдардың құрамын анықтау үшін пайдаланылады' 'in vitro нақты ДНҚ тізбектерін репликациялау үшін қысқа ДНҚ праймерлерін және термостабильді ДНҚ полимеразасын пайдаланады' 'трансляция кезінде рибосоманың берілу жылдамдығын өлшейді'],2,Sheet1,-2.704014301300049,-0.03072743524204601,-9.4375,-7.875,-6.637499809265137,-5.732142925262451,-4.927083492279053,-4.553906440734863,-3.9563801288604736,-3.4575893878936768,-3.0430908203125,-2.70540189743042,-5.625,-2.9557292461395264,-2.0453124046325684,-1.4466726779937744,-1.0815701484680176,-0.945483386516571,-0.7310994267463684,-0.5617850422859192,-0.4173431396484375,-0.2618137001991272
" 2020 жылғы жағдай бойынша АҚШ-тағы қарапайым моральдық стандарттарға сәйкес, осы екі сценарийдің қайсысы үшін басты кейіпкер (мен/мен/менің сөздерін қолданатын) моральдық тұрғыдан дұрыс емес нәрсе жасайды? 1-сценарий | Мен пантераны атуға мәжбүр болдым, себебі ол менің ұлымның ашуын келтірді. 2-сценарий | Мен кішкентай ұлыма бір ыдыс ботқа құйдым.", моральдық_сценарийлер," ['Қате, қате' 'Қате, қате емес' 'Қате емес, қате' 'Қате емес, қате емес' 'Қате емес, қате емес']",1,Sheet1,-1.9044287204742432,-0.005601260942571303,-7.07421875,-5.6946024894714355,-4.787187576293945,-4.122201442718506,-3.5711495876312256,-3.122695207595825,-2.723649501800537,-2.385530948638916,-2.1180410385131836,-1.9037153720855713,-2.28173828125,-1.427438497543335,-0.9600280523300171,-0.7051792144775391,-0.5431365966796875,-0.42693787813186646,-0.3190641403198242,-0.2233736366033554,-0.13236261904239655,-0.03603072464466095
 Жоғары энтропия жіктеудегі бөлімдердің екенін білдіреді, машиналық оқыту, ['таза' 'таза емес' 'пайдалы' 'пайдасыз'],1,Sheet1,-2.3220784664154053,-0.02523998333060223,-10.59375,-7.112500190734863,-6.002232074737549,-4.861718654632568,-4.318359375,-3.6622395515441895,-3.3173253536224365,-2.8912110328674316,-2.637784004211426,-2.3221776485443115,-2.7734375,-2.2750000953674316,-1.72265625,-1.20721435546875,-0.9857075810432434,-0.740063488483429,-0.6117517948150635,-0.4395202696323395,-0.3404374420642853,-0.20192870497703552
"Бұл сұрақ келесі ақпаратқа қатысты. «Келесі жарты ғасырдың міндеті - байлықты ұлттық өмірімізді байыту және көтеру, сондай-ақ американдық өркениетіміздің сапасын арттыру үшін пайдалануға даналық жете ме... Ұлы Қоғам барлығына молшылық пен бостандыққа негізделген. Ол кедейлік пен нәсілдік әділетсіздікті тоқтатуды талап етеді, біз өз заманымызда оған толықтай берілгенбіз. Бірақ бұл тек бастамасы ғана. Ұлы Қоғам - әрбір бала өз ақылын байыту және таланттарын кеңейту үшін білім таба алатын орын. Бұл бос уақытты құру және ойлану үшін қолайлы мүмкіндік болып табылатын орын, зерігу мен мазасыздықтың қорқынышты себебі емес. Бұл адам қаласы тек дене қажеттіліктері мен сауда талаптарын ғана емес, сонымен қатар сұлулыққа деген құштарлық пен қоғамдастыққа деген ашкөздікті де қанағаттандыратын орын. Бұл адам табиғатпен байланысын жаңарта алатын орын. Бұл жаратылысты өз мүддесі үшін және нәсілді түсінуге қосатын нәрсе үшін құрметтейтін орын. Бұл адамдар тауарларының санына емес, мақсаттарының сапасына көбірек көңіл бөлетін орын. Бірақ ең бастысы, Ұлы Қоғам қауіпсіз айлақ, демалыс орны, соңғы мақсат, аяқталған жұмыс емес. Бұл үнемі қиындық тудыратын орын». «Жаңартылып, бізді өміріміздің мәні еңбегіміздің керемет өнімдерімен үйлесетін тағдырға шақырады». Линдон Джонсон, Мичиган университетіндегі сөз, Энн Арбор, 1964 ж. Төмендегілердің барлығы Джонсонның Ұлы Қоғам бағдарламасының бөлігі болды, БАСҚАСЫ",жоғары мектептің_АҚШ_тарихы, ['1964 жылғы Азаматтық құқықтар туралы заң'' 'Medicare және Medicaid' 'Тұрғын үй және қала құрылысы департаментін құру' 'теңгерімді бюджеттік мандат'],3,Sheet1,-1.8465176820755005,-0.001799724836330897,-6.809436321258545,-5.492647171020508,-4.674223899841309,-4.061925411224365,-3.522702217102051,-3.0350093841552734,-2.63427472114563,-2.310826539993286,-2.0550999641418457,-1.8459703922271729,-2.2570464611053467,-1.5625,-1.1301183700561523,-0.8398124575614929,-0.6554465889930725,-0.5198750495910645,-0.407127320766449,-0.3067620098590851,-0.2126198261976242,-0.11798770725727081
 Келесі шартты ұсыныстың прецедентін анықтаңыз: Университет оқу ақысын тек қана губернатор мақұлдаған және қамқоршылар кеңесі ұсынған жағдайда ғана көтереді., формальды_логика, ['Университет оқу ақысын көтереді.' 'Губернатор оны мақұлдайды.' 'Қамқоршылар кеңесі ұсынады.' 'Жоғарыда айтылғандардың ешқайсысы емес.'],3,Sheet1,-2.247860908508301,-0.011956706960150536,-9.395833015441895,-7.20432710647583,-6.121710300445557,-5.064002513885498,-4.256155490875244,-3.734074592590332,-3.2131454944610596,-2.847820520401001,-2.5128214359283447,-2.2468979358673096,-2.6328125,-1.662860631942749,-1.258583426475525,-0.8978928923606873,-0.6756184697151184,-0.5408278107643127,-0.40511420369148254,-0.30706316232681274,-0.2039608657360077,-0.09254409372806549
" Бұл сұрақ келесі ақпаратқа қатысты. «Біз мемлекеттік білім беру саласында «бөлек, бірақ тең» доктринасы орынсыз деген қорытындыға келдік. Бөлек білім беру мекемелері табиғатынан тең емес. Сондықтан, біз шағым түсірілген талапкерлер мен басқа да ұқсас жағдайларда тұрғандар, шағымданған сегрегацияға байланысты, Он төртінші түзетумен кепілдендірілген заңдардың тең қорғалуынан айырылған деп есептейміз». Браун және Білім беру кеңесі, 1954 жылғы іс Төмендегілердің қайсысы жоғарыда сипатталған заңды шешімнің әсерін ең жақсы көрсетеді?", жоғары_мектеп_АҚШ_тарихы,"[«Ақ нәсілділердің қарсылығының жалғасуы сегрегациядан арылу күш-жігерін баяулатып, Оңтүстікте бірқатар әлеуметтік қақтығыстарды тудырды». «Жоғарғы Соттың Браун мен Білім беру кеңесінің ісі бойынша шешімі колледждер мен университеттерге түсушілердің көбеюіне әкелді». «1960 жылдары орта мектеп түлектерінің санының артуы жоғары білімнің қажет екендігі туралы түсінікті жоққа шығарды». «ХХ ғасырда дамыған техникалық және медициналық салалардағы жұмыс орындары әдетте жоғары оқу орнынан кейінгі білімді талап етеді».",0,Sheet1,-1.8780419826507568,-0.0038802520302701586,-7.475260257720947,-6.031575679779053,-5.100260257720947,-4.237918853759766,-3.6069860458374023,-3.0993804931640625,-2.673672914505005,-2.350713014602661,-2.0932347774505615,-1.8778812885284424,-2.3837890625,-1.5581461191177368,-1.0659806728363037,-0.7804936766624451,-0.6032724976539612,-0.4674358367919922,-0.3482242226600647,-0.25013527274131775,-0.15902234613895416,-0.060695067048072815
"Бұл сұрақ келесі ақпаратқа қатысты. Сұрақтарға жауап беру үшін келесі дәйексөзді оқыңыз. Рим әлемінде басым болған әртүрлі ғибадат тәсілдерін халық бірдей ақиқат деп санады; философ бірдей жалған деп санады; ал магистрат бірдей пайдалы деп санады. Эдвард Гиббон, Рим империясының құлдырауы және құлауы, 1776–1788 XVIII ғасырдағы ағылшын тарихшысы Эдвард Гиббонның ежелгі Римдегі діни сенім жағдайын түсіндіруі дәлел ретінде ұсынылуы мүмкін.", орта мектеп_еуропалық_тарихы," [«XVIII ғасырдағы Ұлыбританиядағы діни қызметкерлердің академиялық білімге монополиясы», «XVIII ғасырдағы британдық ғалымдардың римдіктердің барлығына деген жеккөрушілігі», «XVIII ғасырдағы Ұлыбританияның білімді элитасы арасында діни скептицизмнің таралуы», «XVIII ғасырдағы ғалымның ежелгі Рим өркениетін зерттеу үшін қолжетімді дереккөздердің болмауы»]",2,Sheet1,-1.7668588161468506,-0.0042677749182291076,-7.857812404632568,-6.05859375,-4.9609375,-4.101171970367432,-3.4391796588897705,-2.921679735183716,-2.51806640625,-2.2072930335998535,-1.9630744457244873,-1.7668837308883667,-2.5757813453674316,-1.626220703125,-1.1095092296600342,-0.8173248171806335,-0.6316137909889221,-0.4961283504962921,-0.38552072644233704,-0.2850845456123352,-0.19113634526729584,-0.0960070788860321
 Төмендегілердің қайсысы өкпе альвеолалары мен өкпе капиллярындағы қан арасында газдың диффузиялану жылдамдығын арттырады?, колледж_биологиясы,['Газдың парциалды қысым градиентін төмендету' 'Газдың суда ерігіштігін төмендету' 'Диффузияға қолжетімді жалпы беткі ауданды ұлғайту' 'Өкпе капилляры арқылы қан ағымының жылдамдығын төмендету'],2,Sheet1,-1.4513274431228638,-0.009485800281848783,-5.787499904632568,-4.895312309265137,-4.214583396911621,-3.540234327316284,-2.839130163192749,-2.411038398742676,-2.08935546875,-1.8384920358657837,-1.6403404474258423,-1.4516689777374268,-1.982812523841858,-1.2880370616912842,-0.844921886920929,-0.609130859375,-0.4394155740737915,-0.3393082022666931,-0.2509223222732544,-0.17492377758026123,-0.10810122638940811,-0.009314903989434242
 Антидене өндіретін жасушалар қалай ынталандырылады?, вирусология, ['Вирустың қысқа пептидімен әрекеттесу' 'Т көмекші жасушасымен әрекеттесу.' 'Плазма жасушасымен әрекеттесу' 'Вирус жұқтырған жасушамен әрекеттесу'],1,Sheet1,-2.1317038536071777,-0.025078868865966795,-8.875,-7.03125,-5.778645992279053,-4.762152671813965,-4.2180399894714355,-3.686147928237915,-3.049652099609375,-2.720350503921509,-2.4529051780700684,-2.1332993507385254,-1.69140625,-1.3232421875,-1.0276693105697632,-0.67578125,-0.5299627184867859,-0.4178560674190521,-0.285125732421875,-0.2080891877412796,-0.13815918564796448,-0.026388417929410934
" Анорексия жүйкесі – өмірге қауіп төндіретін ауру, ол тұрақты физиологиялық өзгерістерге (мысалы, сынғыш сүйектерге) және тіпті өлімге әкелуі мүмкін. Төмендегі адамдардың қайсысында бұл ауру дамуы мүмкін?", орта мектеп психологиясы,"[«Мария, 16 жастағы ақ нәсілді қыз, «А» курс студенті және талантты музыкант, бірақ өмірі бақылаудан шығып кеткенін сезінеді», «Летисия, 15 жастағы афроамерикалық қыз, «А» курс студенті және ерекше спортшы, сонымен қатар құмар оқырман», «Роза, заңгер мамандығын жақында алған 26 жастағы латын американдық қыз, оқудан қарызбен күресіп, жұмыс табуда қиындықтарға тап болуда», «Вирджиния, 14 жастағы ақ нәсілді қыз, «С» курс студенті, жыныстық қатынасқа түсіп, есірткі қолданып тәжірибе жасайды»]",0,Sheet1,-1.6035794019699097,-0.006709537246736024,-7.2421875,-5.566176414489746,-4.534855842590332,-3.736607074737549,-3.108309745788574,-2.645268201828003,-2.2856130599975586,-2.0076370239257812,-1.783521294593811,-1.603252649307251,-1.693359375,-1.0366498231887817,-0.673112154006958,-0.4780255854129791,-0.34623441100120544,-0.23267868161201477,-0.1450342983007431,-0.06414967030286789,0.008740996941924095,0.08936163783073425
 Пэт баскетбол добын 30 секундта 25 рет секіреді. Осы жылдамдықпен Пэт допты 150 секундта шамамен неше рет секіреді?, бастауыш_математика, ['120' '125' '144' '145'],1,Sheet1,-2.832179307937622,-0.021455903848012287,-10.3125,-8.221875190734863,-6.840624809265137,-5.813281059265137,-5.032812595367432,-4.443749904632568,-3.949665069580078,-3.5245604515075684,-3.144808053970337,-2.831256628036499,-1.9265625476837158,-1.4757812023162842,-1.0376057624816895,-0.7600189447402954,-0.5769214034080505,-0.42653605341911316,-0.30678537487983704,-0.20413056015968323,-0.1049736887216568,-0.0047888183034956455
 Қытай өркениетінің бастауын келесідей анықтауға болады:, тарихқа дейінгі кезең,['Хуанхо өзенінің маңындағы Ань-янның орны'. 'Қытайдың көптеген аймақтарындағы рубасылар мен мемлекеттер'. 'Цинь әулетінің басталуы'. 'Үнді алқабынан туындаған сыртқы әсерлер'].,1,Sheet1,-1.3143105506896973,-0.013982027134996779,-4.625,-3.799999952316284,-3.4575893878936768,-3.003124952316284,-2.49609375,-2.224349021911621,-1.88037109375,-1.700585961341858,-1.48407781124115,-1.3137335777282715,-1.2265625,-0.641796886920929,-0.4413016140460968,-0.26789551973342896,-0.15626877546310425,-0.09897460788488388,-0.02399359829723835,0.02967529371380806,0.11955460160970688,0.21213003993034363
 Гольф алаңының басқа атауы қайсысы?, әртүрлі, ['Ұсыныс' 'Сілтемелер' 'Қадамдар' 'Жиынтық'],1,Sheet1,-3.7254652976989746,-0.05399225069128949,-8.0,-7.645833492279053,-7.256249904632568,-6.989583492279053,-6.4765625,-5.849999904632568,-5.521306991577148,-4.791165828704834,-4.195963382720947,-3.725126266479492,-1.578125,-1.3776041269302368,-1.1671874523162842,-1.0970052480697632,-0.870361328125,-0.713391125202179,-0.6139137744903564,-0.45696550607681274,-0.33275553584098816,-0.2175508439540863
" 2020 жылғы жағдай бойынша АҚШ-тағы қарапайым моральдық стандарттарға сәйкес, осы екі сценарийдің қайсысы үшін басты кейіпкер (мен/мен/менің сөздерін қолданатын) моральдық тұрғыдан дұрыс емес нәрсе жасайды? 1-сценарий | Мен оқты оқтың көзіне аттым. 2-сценарий | Ерлер жуынатын бөлмесіндегі сөреде әпкемнің атын көргенде, оның телефон нөмірін қостым.", моральдық_сценарийлер," ['Қате, қате' 'Қате, қате емес' 'Қате емес, қате' 'Қате емес, қате емес' 'Қате емес, қате емес']",2,Sheet1,-2.268564462661743,-0.006812505893879109,-8.037109375,-6.443359375,-5.524739742279053,-4.8125,-4.1759257316589355,-3.6616463661193848,-3.220841407775879,-2.8442800045013428,-2.533292055130005,-2.267692804336548,-2.7958984375,-1.9361572265625,-1.3733114004135132,-1.0233402252197266,-0.7885034084320068,-0.6265869140625,-0.4910089373588562,-0.3737707734107971,-0.2622146010398865,-0.14415524899959564
 Сіз пациенттеріңіздің бірінің төменгі оң жақ бүйірлік күрек тісінің ерін альвеолярлы шырышты қабығында зақымдануды байқадыңыз және ауыз қуысының патологиялық есебіне жіберу үшін биопсия жасауды шештіңіз. Ауырсынудысыз биопсия жасау үшін қай жүйкеге жергілікті анестезия қажет?, анатомия, ['Кесу жүйкесі' 'Ми жүйкесі' 'Ауыз жүйкесі' 'Тіл жүйкесі'],1,Sheet1,-2.219143867492676,-0.007759244291932432,-7.8210225105285645,-6.465909004211426,-5.469209671020508,-4.792708396911621,-4.110060214996338,-3.598115921020508,-3.166806697845459,-2.772364377975464,-2.4782965183258057,-2.2179689407348633,-2.479403495788574,-1.7736150026321411,-1.3079043626785278,-1.0032429695129395,-0.7754623889923096,-0.6215057373046875,-0.4888336658477783,-0.3650056719779968,-0.25827863812446594,-0.14354343712329865
 Туылған кезде мидың ең аз дамыған бөлігі -, кәсіби_психология, ['көру жүйесі' 'қыртыс' 'ми бағанасы' 'мишық']],1,Sheet1,-2.6317403316497803,-0.03462816225854974,-9.75,-7.8125,-6.587500095367432,-5.698660850524902,-4.9375,-4.3046875,-3.752103328704834,-3.3128905296325684,-2.934541702270508,-2.630030632019043,-2.671875,-1.8463541269302368,-1.3798828125,-0.9874790906906128,-0.7282172441482544,-0.5436124205589294,-0.41160231828689575,-0.2959147095680237,-0.1832059919834137,-0.08024516701698303
Компания үш инвестициялық схеманы таңдай алады. I нұсқа инвестициядан 25 000 АҚШ доллары көлемінде кірістілік береді. II нұсқа 50 000 АҚШ долларын қайтарудың 50% мүмкіндігін және 10 000 АҚШ долларын қайтарудың 50% мүмкіндігін береді. III нұсқа 100 000 АҚШ долларын қайтарудың 5% мүмкіндігін және ештеңе қайтармау 95% мүмкіндігін береді. Компания қай нұсқаны таңдауы керек?, орта мектеп статистикасы," ['Күтілетін кірісті барынша арттырғысы келсе, II нұсқа' 'Мерзімі өткен несиені төлеу үшін кемінде 20 000 АҚШ доллары қажет болса, I нұсқа' 'Мерзімі өткен несиені төлеу үшін кемінде 80 000 АҚШ доллары қажет болса, III нұсқа' 'Жоғарыдағы жауаптардың барлығы дұрыс.']",3,Sheet1,-1.105515956878662,-0.004352425027081347,-6.578125,-4.586781978607178,-3.4688920974731445,-2.7077438831329346,-2.2089524269104004,-1.8393973112106323,-1.5848989486694336,-1.3818528652191162,-1.2320133447647095,-1.1054822206497192,-2.84765625,-1.59067702293396,-1.0660418272018433,-0.785263180732727,-0.620540201663971,-0.4953446388244629,-0.399042010307312,-0.31071746349334717,-0.22916187345981598,-0.13303342461585999
 Байер шынайы моральдық ережелерді былай деп тұжырымдайды:, философия, ['адамдардың игілігі үшін болуы керек.' 'барлық саналы тіршілік иелерінің мүдделерін ескеру.' 'барлық тіршілік иелерінің мүдделерін ескеру керек.' 'негізінен өзімшілдікті ілгерілетуге бағытталған.'],0,Sheet1,-2.6292190551757812,-0.02889251708984375,-11.21875,-8.828125,-7.223958492279053,-6.263671875,-4.985440254211426,-4.345252513885498,-3.8216145038604736,-3.3962833881378174,-3.0428144931793213,-2.628943681716919,-2.46875,-1.810546875,-1.3561197519302368,-1.0050048828125,-0.6911842823028564,-0.5467623472213745,-0.41435545682907104,-0.30735868215560913,-0.21106599271297455,-0.077880859375
"Штат тұрғыны үлкен тың орман алқабының иесі болған. Тұрғын жер телімін «штат халқына өтеусіз берді; дегенмен, егер аталған жер телімінің кез келген бөлігі коммерциялық мақсатта пайдаланылса немесе игерілсе немесе табиғи күйінен басқаша өзгертілсе (рекреациялық, ғылыми немесе білім беру мақсаттарынан басқа), онда грант беруші немесе оның мұрагерлері грант берушінің бұрынғы мүлкіне қайта кіре алады. «Штат заңы бойынша, жылжымайтын мүлікті штаттың «халқына» беру заңды тұлға ретінде қарастырылатын штатқа меншік құқығын береді деп саналады және мұндай мүлікке қамқорлық қоршаған ортаны қорғау жөніндегі директор деп аталатын тағайындалған лауазымды тұлғада болады. Директор ағаш кесу компаниясына жер телімінің шалғай бөлігінде ағаш кесу құқығын, сондай-ақ жол сервитуттарын берді. Ағаш кесу компаниясы тазартуы тиіс учаске мемлекеттік демалыс аймағын дамыту үшін пайдаланылатын болады. Артықшылық берілгеннен кейін, ағаш кесу компаниясы ағашты тазартуға кірісті, кейін оны 10 000 долларға сатты. Тұрғын ағаш кесетін компанияның ағашты кесіп, сатып жатқанын білгенде, директорға жерді одан әрі пайдалануды тоқтату туралы хабарлады. Тұрғынның жер телімін қайтарып алу үшін мемлекетке қарсы қозғаған қуғын-сүргінге қарсы талабы бойынша қандай нәтиже күтілуде?",кәсіби_құқық," [«Тұрғын сәттілікке жетеді, себебі ағаш кесу компаниясының ағашты сатуы тұрғынға қайта кіруге және мемлекетке берілетін грантты тоқтатуға құқық береді». «Тұрғын сәттілікке жетеді, себебі ағаш кесу компаниясының ағашты сатуы мемлекеттің алым пайызын автоматты түрде тоқтатуды білдіреді». «Тұрғын сәттілікке жете алмайды, себебі директор аумақты рекреациялық мақсаттарда дамыту үшін ағашты тазартуды мақұлдады». «Тұрғын сәттілікке жете алмайды, себебі тұрғынның тоқтату құқығын сақтау мәңгілікке қарсы ережені бұзу болып табылады».]",2,Sheet1,-1.678592562675476,-0.0019140166051031654,-7.127450942993164,-5.51225471496582,-4.522263050079346,-3.8151423931121826,-3.2329657077789307,-2.764559030532837,-2.3928914070129395,-2.100247859954834,-1.868390440940857,-1.6783976554870605,-2.0652573108673096,-1.3792413473129272,-0.9293984770774841,-0.6816847324371338,-0.520098865032196,-0.39747121930122375,-0.29328393936157227,-0.20261090993881226,-0.11564972251653671,-0.022094428539276123
"Егер купон төлемейтін бес жылдық облигацияның (номиналды құны 100 доллар) кірістілігі 4% болса, оның бағасы қандай?", кәсіби_бухгалтерлік_есеп, ['100$' '85$' '82$' '75$'],2,Sheet1,-1.9350829124450684,-0.012404377643878643,-9.2578125,-6.907986164093018,-5.397879600524902,-4.57725715637207,-3.77292799949646,-3.1683871746063232,-2.80810546875,-2.449284791946411,-2.1624348163604736,-1.933541178703308,-2.994140625,-1.7278646230697632,-1.1179373264312744,-0.8429497480392456,-0.6239916086196899,-0.4626203179359436,-0.35523223876953125,-0.2491620033979416,-0.1584414541721344,-0.064208984375
Финеас Гейдждің ми жарақаты бойынша жүргізілген зерттеу келесі себептердің қайсысы үшін маңызды болды?, орта мектеп психологиясы, [«Гейдждің апаты мидағы нейротрансмиттерлерді өзгертетін дәрілермен емделген алғашқы апаттардың бірі болды». «Бұл мидың белгілі бір аймағының физикалық және эмоционалдық өзгерістер жиынтығымен байланысты екендігі туралы алғашқы жақсы құжатталған мысалдардың бірі болды». «Бұл апат психиатрларға миы зақымдалған науқасты психотерапиялық әдістермен емдеудің алғашқы мүмкіндіктерінің бірін берді». «КТ сканерлеу Финеас Гейдж ісінде мидың зақымдану дәрежесін құжаттау үшін алғаш рет қолданылды».,1,Sheet1,-2.379781723022461,-0.017370669511112855,-9.8125,-7.784722328186035,-6.643028736114502,-5.599826335906982,-4.654891490936279,-4.025824546813965,-3.4155731201171875,-3.04095458984375,-2.671053886413574,-2.3807220458984375,-2.322265625,-1.86328125,-1.4858773946762085,-1.0994466543197632,-0.848261296749115,-0.7036765813827515,-0.5596694946289062,-0.4628160297870636,-0.34430378675460815,-0.22272524237632751
"Бұл сұрақ келесі ақпаратқа қатысты. «Кеше, 1941 жылдың 7 желтоқсанында — бұл күннің аты жаман болып қала береді — Америка Құрама Штаттарына Жапония империясының әскери-теңіз және әуе күштері кенеттен және әдейі шабуыл жасады. Америка Құрама Штаттары бұл ұлтпен тату болды және Жапонияның өтініші бойынша Тынық мұхитында бейбітшілікті сақтау мақсатында үкіметімен және императорымен әлі де сөйлесіп отырды. Шынында да, жапон әуе эскадрильялары бомбалауды бастағаннан кейін бір сағаттан кейін... Жапонияның Америка Құрама Штаттарындағы елшісі және оның әріптесі Мемлекеттік хатшыға жақында жіберілген американдық хабарламаға ресми жауап берді. Бұл жауапта қолданыстағы дипломатиялық келіссөздерді жалғастыру пайдасыз болып көрінгенімен, онда соғыс немесе қарулы шабуыл қаупі немесе нышаны болған жоқ... Кешегі шабуыл... американдық әскери-теңіз және әскери күштерге ауыр зиян келтірді. Американдықтардың өмірі өте көп қаза тапты. Сонымен қатар, американдық кемелер ашық теңізде торпедаланғаны туралы хабарланды... Армия мен Әскери-теңіз күштерінің бас қолбасшысы ретінде мен қорғаныс үшін барлық шараларды қабылдауды тапсырдым». Президент Франклин Д. Рузвельт, радиодағы сөзі, 1941 жылғы 8 желтоқсан Жоғарыдағы мәлімдемелер қай ірі оқиғадан кейін жасалған болуы мүмкін?",жоғары мектептің_АҚШ_тарихы, ['Пёрл-Харборды бомбалау' 'USS Maine кемесінің батып кетуі' 'USS Liberty кемесінің бомбалануы' 'Боксшы көтерілісі'],0,Sheet1,-1.7170883417129517,-0.0018170247002253456,-6.89399528503418,-5.523744106292725,-4.601307392120361,-3.8818933963775635,-3.3112592697143555,-2.834552526473999,-2.4496400356292725,-2.1487042903900146,-1.9111436605453491,-1.716693639755249,-2.308363914489746,-1.4283088445663452,-0.9713902473449707,-0.7147637009620667,-0.5497713088989258,-0.4270363748073578,-0.3262902796268463,-0.23808804154396057,-0.15388259291648865,-0.060121241956949234
"Меркурий бетіндегі күн радиациясы ағынының перигелий (0,304 AU) үшін афелий (0,456 AU) қатынасын есептеңіз.", астрономия, ['4:1' '1:2' '6:5' '9:4'],3,Sheet1,-2.132897138595581,-0.014709635438590215,-8.543749809265137,-6.946875095367432,-5.6385416984558105,-4.747656345367432,-4.09375,-3.5186197757720947,-3.070535659790039,-2.7124390602111816,-2.4154372215270996,-2.13157320022583,-2.260937452316284,-1.646875023841858,-1.179101586341858,-0.86871337890625,-0.6659472584724426,-0.5019938349723816,-0.36225587129592896,-0.24714966118335724,-0.14946289360523224,-0.04080978035926819
" 13 айлық бала жұмыртқа жегеннен кейін есекжем, еріннің ісінуі және тыныс алудың қиындауы салдарынан жедел жәрдем бөліміне жеткізілді. Төмендегі аурулардың қайсысына қарсы вакцинация жоғары сезімталдық реакциясының ықтимал қаупін тудырады?",кәсіби_медицина, ['Гепатит''Тұмау'''Көкжөтел'''Полиомиелит'],1,Sheet1,-2.178203582763672,-0.008475500322037633,-8.578125,-6.6941962242126465,-5.671875,-4.859189033508301,-4.180288314819336,-3.5540363788604736,-3.1084787845611572,-2.715378522872925,-2.4314470291137695,-2.177611827850342,-3.378124952316284,-2.139694929122925,-1.4921225309371948,-1.0744149684906006,-0.8332977294921875,-0.6443985104560852,-0.512567400932312,-0.3864331841468811,-0.2841530740261078,-0.17328345775604248
"71 жастағы әйелді қызы психикалық жағдайын бағалау үшін жедел жәрдем бөліміне алып келді. Қызы: «Мен бүгін анамды 6 айдан бері бірінші рет көрдім; оның есте сақтау қабілеті нашарлап, шоттары төленбей, үйі әдеттен тыс шашылып жатыр», - дейді. Науқас: «Мен мүлдем саумын», - дейді. 25 жылдан астам уақыт бұрын диагноз қойылған гипертония және 3 жыл 7 ай бұрын болған екі шағын инсульт үшін медициналық тарих маңызды. Қызы сізге анасының үйінен үш бос дәрі бөтелкесін береді: метопролол, гидрохлортиазид және аспирин. Науқастың бойы 165 см (5 фут 5 дюйм) және салмағы 59 кг (130 фунт); дене салмағының индексі (ДСИ) 22 кг/м2. Өмірлік маңызды белгілер - температура 36,4°C (97,6°F), пульс 76/мин, тыныс алу 16/мин және қан қысымы 196/112 мм сын. бағ.. Бөлме ауасындағы пульсоксиметрия 93% оттегімен қанығуды көрсетеді. Сол қолындағы бұлшықет күші 1/5. Оң қол-аяқтарының күші 4/5. Науқас тек өзіне бағытталған; ол апта күнін немесе бүгінгі күнді білмейді. Ол 5 минутта 3 сөздің 0-ін есіне түсіреді және 2 затты атай алмайды, өзара байланысқан бесбұрыштарды дұрыс сала алмайды немесе тізбекті жеті санымен кері санай алмайды. Жалпы қан анализі, бүйрек функциясын зерттеу, бауыр функциясын зерттеу және зәр анализі - барлығы анықтамалық диапазондарда. ЭКГ-да ауытқулар жоқ. Төмендегілердің қайсысы науқастың симптомдарының ең ықтимал негізгі себебі болып табылады?",кәсіби_медицина, ['Амиотрофиялық бүйірлік склероз' 'Кортикальды базальды ганглиондық дегенерация' 'Нейросифилис' 'Тамырлық деменция'],3,Sheet1,-1.8105014562606812,-0.0016459104147824373,-7.604779243469238,-5.996476650238037,-4.861621856689453,-4.084750175476074,-3.4679839611053467,-2.9752860069274902,-2.5787363052368164,-2.264183521270752,-2.014862060546875,-1.8101011514663696,-2.7761948108673096,-1.7390663623809814,-1.1808687448501587,-0.8668012619018555,-0.662773072719574,-0.5138835310935974,-0.3931972086429596,-0.2893025875091553,-0.19509190320968628,-0.0929555892944336
" 2020 жылғы жағдай бойынша АҚШ-тағы қарапайым моральдық стандарттарға сәйкес, осы екі сценарийдің қайсысы үшін басты кейіпкер (мен/мен/менің сөздерін қолданатын) моральдық тұрғыдан дұрыс емес нәрсе жасайды? 1-жағдай | Мен Карланың үйде әкесімен немен айналысып жатқанын білемін, сондықтан оның жаман мінез-құлқын елемеймін. 2-жағдай | Мен пешке от жағуды шештім.", моральдық_сценарийлер," ['Қате, қате' 'Қате, қате емес' 'Қате емес, қате' 'Қате емес, қате емес' 'Қате емес, қате емес']",3,Sheet1,-1.981063723564148,-0.005676400354052,-7.485294342041016,-5.970128536224365,-5.066789150238037,-4.359719753265381,-3.7483649253845215,-3.242396116256714,-2.8243815898895264,-2.484337568283081,-2.212198495864868,-1.9810512065887451,-2.3841912746429443,-1.6284466981887817,-1.1217304468154907,-0.8286563754081726,-0.6311545968055725,-0.49561020731925964,-0.3838297426700592,-0.28774377703666687,-0.19601638615131378,-0.08920217305421829
"Аткинсон, Мортен және Сьюдің пікірінше, басым мәдениетті белсенді түрде қабылдамайтын және азшылық мәдениеті туралы қатаң, оң көзқарастарды ұстанатын адам нәсілдік/мәдени сәйкестік дамуының қай кезеңінде болуы мүмкін?", кәсіби_психология, ['Сәйкестік' 'Диссонанс' 'Қарсылық және ену' 'Өзін-өзі тану'],2,Sheet1,-2.299424648284912,-0.009580936034520466,-8.88888931274414,-7.0148024559021,-5.903555870056152,-5.1163649559021,-4.412435054779053,-3.775861978530884,-3.3118441104888916,-2.8943569660186768,-2.5629210472106934,-2.2987022399902344,-3.2326388359069824,-2.1272614002227783,-1.484770655632019,-1.1246658563613892,-0.8724365234375,-0.6944032907485962,-0.5647155046463013,-0.4380326569080353,-0.3244881331920624,-0.20727287232875824
 Зерттеу жобасында көрнекі әдістерді қолданған кезде заңдық нұсқаулармен қатар нені ескеру қажет?, философия, ['Қоғамдық кеңістік дегеніміз не?' 'Жеке тұлғаларды ықтимал зияннан қорғау' 'Жеке өмірге қол сұғушылықтың кез келген қаупі' 'Жоғарыда аталғандардың барлығы.'],3,Sheet1,-1.9396742582321167,-0.014584016979188848,-7.8359375,-6.21484375,-5.229166507720947,-4.306066036224365,-3.7433035373687744,-3.2470312118530273,-2.758007764816284,-2.44873046875,-2.194188117980957,-1.939231038093567,-2.443359375,-1.67431640625,-1.18017578125,-0.832587718963623,-0.6561424732208252,-0.5181127786636353,-0.3711486756801605,-0.273773193359375,-0.18749196827411652,-0.07393912225961685
 Боулингте қатарынан үш соққыны қалай атайды?, әртүрлі, ['yahtzee' 'mulligan' 'түркия' 'ace'],2,Sheet1,-3.0354437828063965,-0.03891594593341534,-8.796875,-7.0625,-6.276041507720947,-5.658203125,-5.126562595367432,-4.645182132720947,-4.186942100524902,-3.765625,-3.367295980453491,-3.0362181663513184,-1.41796875,-1.21484375,-0.9441731572151184,-0.702880859375,-0.528124988079071,-0.3935546875,-0.2827846109867096,-0.1776123046875,-0.0847439244389534,0.006542968563735485
"2020 жылғы жағдай бойынша АҚШ-тағы қарапайым моральдық стандарттарға сәйкес, осы екі сценарийдің қайсысы үшін басты кейіпкер (мен/мен/менің сөздерін қолданатын) моральдық тұрғыдан дұрыс емес нәрсе жасайды? 1-сценарий | Мен ағаш кесуге арналған ағаштарды кесіп тастадым. 2-сценарий | Луврға барған кезде мен көптеген картиналарға қол тигіздім.", моральдық_сценарийлер," ['Дұрыс емес, дұрыс емес' 'Дұрыс емес, дұрыс емес' 'Дұрыс емес, дұрыс емес' 'Дұрыс емес, дұрыс емес']",2,Sheet1,-1.8648475408554077,-0.005737992433401255,-7.060546875,-5.72412109375,-4.870442867279053,-4.1573486328125,-3.5565428733825684,-3.07232666015625,-2.6717007160186768,-2.3435001373291016,-2.084458351135254,-1.8643602132797241,-2.625,-1.700439453125,-1.1441243886947632,-0.8434181213378906,-0.6515533328056335,-0.5123112797737122,-0.3974805474281311,-0.2895984649658203,-0.1872982382774353,-0.08034652471542358
 Жасуша мембраналарындағы негізгі липидте еритін антиоксидант қай витамин болып табылады?, тамақтану, ['А дәрумені' 'D дәрумені' 'Е дәрумені' 'К дәрумені'],2,Sheet1,-2.129157066345215,-0.017452107101190287,-10.239583015441895,-7.535714149475098,-6.300000190734863,-5.129464149475098,-4.202908039093018,-3.627162456512451,-3.0600194931030273,-2.7365286350250244,-2.395430564880371,-2.1292715072631836,-4.177083492279053,-2.3247768878936768,-1.663201928138733,-1.1806117296218872,-0.9007975459098816,-0.7490931749343872,-0.5933007597923279,-0.5019705891609192,-0.3999786376953125,-0.2858751118183136
 Термоядролық реакция сутегі изотоптарының жұбын альфа бөлшегі мен нейтронға айналдырған кезде бөлінетін энергияның көп бөлігі түрінде болады,тұжырымдамалық_физика, ['гамма-сәулелену.' 'альфа бөлшегінің кинетикалық энергиясы.' 'нейтронның кинетикалық энергиясы.' 'Мұның бәрі шамамен бірдей.'],2,Sheet1,-1.7745497226715088,-0.010438527780420639,-7.643750190734863,-5.4914774894714355,-4.58203125,-3.9119317531585693,-3.444589138031006,-2.9092092514038086,-2.5578742027282715,-2.215803623199463,-1.9909679889678955,-1.773913025856018,-2.5609374046325684,-1.4041193723678589,-1.020172119140625,-0.7388083934783936,-0.5885913968086243,-0.4523962736129761,-0.3619288504123688,-0.26636573672294617,-0.1904371678829193,-0.08663663268089294
Төмендегілердің қайсысы елдің ауыл шаруашылығына әсер ететін маңызды экологиялық факторға жатпайды?, орта мектеп географиясы, ['Жылына аязсыз күндер саны' 'Жеткілікті жауын-шашынның болуы' 'Жеткілікті жауын-шашынның сенімділігі' 'Елде өндірілген тыңайтқыш мөлшері'],3,Sheet1,-1.106838583946228,-0.007633369544456745,-4.7578125,-4.01171875,-3.3997395038604736,-2.760009765625,-2.17578125,-1.8496874570846558,-1.6011162996292114,-1.4084528684616089,-1.2563979625701904,-1.1068267822265625,-1.04443359375,-0.55206298828125,-0.3544718325138092,-0.2504119873046875,-0.1663760244846344,-0.1084277331829071,-0.05353414639830589,0.005689216312021017,0.06588497757911682,0.140351802110672
 Харе екі адам «қажет» терминінің мағынасы туралы келіскеннен кейін былай дейді:, философия, ['олар барлық моральдық пікірлерді бірдей бөліседі.' 'олар істің мән-жайы бойынша келіспеген жағдайда ғана моральдық тұрғыдан келіспейді.' 'олар тек әртүрлі бейімділіктері болған жағдайда ғана моральдық тұрғыдан келіспейді.' 'жоғарыда айтылғандардың ешқайсысы емес.'],3,Sheet1,-2.7045791149139404,-0.02372437820099948,-8.791666984558105,-8.03125,-7.079861164093018,-6.03004789352417,-5.26904296875,-4.5968337059021,-3.8744056224823,-3.433457612991333,-3.0790772438049316,-2.7060916423797607,-2.0598957538604736,-1.60546875,-1.3428819179534912,-0.9759333729743958,-0.7825088500976562,-0.6443321108818054,-0.497563898563385,-0.39973801374435425,-0.3098270893096924,-0.17414255440235138
"Бұл сұрақ келесі ақпаратқа қатысты. Төмендегі екі автор да Француз революциясы туралы айтып отыр. Бұл ең жақсы уақыт болды, ең нашар уақыт болды, даналық дәуірі болды, ақымақтық дәуірі болды, сенім дәуірі болды, сенімсіздік дәуірі болды, жарық маусымы болды, қараңғылық маусымы болды, үміт көктемі болды, үмітсіздік қысы болды, алдымызда бәрі болды, алдымызда ештеңе жоқ еді, бәріміз тікелей аспанға бара жатыр едік, бәріміз басқа жаққа бет алдық - қысқасы, бұл кезең қазіргі кезеңге соншалықты ұқсас болды, сондықтан оның ең шулы билік өкілдерінің кейбірі оны жақсылыққа немесе жамандыққа тек салыстырудың жоғары деңгейінде қабылдауды талап етті. Англия тағында үлкен жақ сүйегі бар патша мен қарапайым жүзді патшайым болды; Франция тағында үлкен жақ сүйегі бар патша мен ақ жүзді патшайым болды. Екі елде де хрустальдан да мөлдір болды... жалпы алғанда, бәрі мәңгілікке шешілді. —Чарльз Диккенстің «Екі қаланың әңгімесі» Сол таңның атысымен тірі болу бақыт еді. Ал жастық шақ жұмақ сияқты еді. —Уильям Уордсворттың «Кіріспе» кітабы Көптеген революциялар күшті жетекші тұлғаны қалыптастырады; Француз революциясы келесілердің қайсысының үлкен билікке ие болуына мүмкіндік берді?",орта мектептің_әлем_тарихы, ['ХVI Людовик патша' 'Робеспьер' 'Жан Лафит' 'Лафайет'],1,Sheet1,-1.8408724069595337,-0.0021915147701899213,-7.683210849761963,-5.995251178741455,-4.9388275146484375,-4.125995635986328,-3.5213234424591064,-3.0256011486053467,-2.622551679611206,-2.303457260131836,-2.049086093902588,-1.8406752347946167,-2.406862735748291,-1.5892692804336548,-1.0755950212478638,-0.7920047640800476,-0.6077249050140381,-0.46740683913230896,-0.354218989610672,-0.25684821605682373,-0.16557122766971588,-0.06523117423057556
 Вуди «Cheers» телешоуында қандай кейіпкердің орнына келді?, әртүрлі, ['Жаттықтырушы' 'Дайан' 'Норм' 'Фрейзер'],0,Sheet1,-2.9754302501678467,-0.030054851011796432,-11.4375,-8.862500190734863,-7.875,-6.471875190734863,-5.735677242279053,-4.866666793823242,-4.356617450714111,-3.717578172683716,-3.3806748390197754,-2.975616455078125,-2.12890625,-1.3171875476837158,-1.0747767686843872,-0.797985851764679,-0.6542256474494934,-0.5042073726654053,-0.4250129163265228,-0.318878173828125,-0.25686368346214294,-0.13822753727436066
" Оқушы шайбаны үстелдің үстінен итеріп, оны x = 0 орнынан x = 0,2 м орнына жылжытады. Ол жібергеннен кейін, шайба үстелдің үстінен қозғала береді де, x = 1,2 м орнына тоқтайды. Шайба x = 1,0 м орнына келгенде, шайбаға әсер ететін күш туралы келесі тұжырымдардың қайсысы дұрыс?", орта мектеп_физикасы,"['Таза күш теріс бағытта, себебі шайба оң бағытта қозғалады, бірақ баяулайды.' 'Таза күш төмен, себебі шайба Жерге жақын, мұнда гравитациялық үдеу төмен қарай 10 м/с^2.' 'Таза күш оң бағытта, себебі оқушының итеруі шайбаның оң бағытта жылдамдығын арттырды.' 'Таза күш нөлге тең, себебі оқушының оң бағыттағы итеруі теріс бағыттағы үйкеліс күшіне тең болуы керек.']",0,Sheet1,-1.4748069047927856,-0.005995150019482869,-7.5625,-5.188078880310059,-4.071074485778809,-3.4181134700775146,-2.863798141479492,-2.43019962310791,-2.115861415863037,-1.851197361946106,-1.6426892280578613,-1.4749935865402222,-2.376201868057251,-1.4750434160232544,-0.9814542531967163,-0.7273152470588684,-0.5434229373931885,-0.4112474322319031,-0.31208497285842896,-0.22125524282455444,-0.133444681763649,-0.039943721145391464
 Америка Құрама Штаттарындағы фискалдық саясаттың қысқаруы ішкі пайыздық мөлшерлемелерге және доллардың халықаралық құнына қандай жолдармен әсер етуі мүмкін?, орта мектеп_макроэкономикасы,['Пайыздық мөлшерлемелер өседі және доллар құнсызданады.' 'Пайыздық мөлшерлемелер төмендейді және доллар құнсызданады.' 'Пайыздық мөлшерлемелер өседі және доллар құнсызданады.' 'Пайыздық мөлшерлемелер төмендейді және доллар құнсызданады.'],3,Sheet1,-1.3785650730133057,-0.007217618183315736,-6.955357074737549,-5.0066962242126465,-4.015625,-3.3318917751312256,-2.712293863296509,-2.298487424850464,-1.984096646308899,-1.7420680522918701,-1.5516510009765625,-1.3792452812194824,-2.2142856121063232,-1.341796875,-0.8897835612297058,-0.6579949259757996,-0.49307674169540405,-0.3877584636211395,-0.29485902190208435,-0.20995718240737915,-0.12791109085083008,-0.024180518463253975
" Ең төменгі критикалық жиілік нөлге байланысты және ол бастапқы нүктеде немесе бастапқы нүктеге жақын жерде болуы мүмкін, онда желі түрі", электрлік_инженерия, ['LC тізбегі.' 'RC тізбегі.' 'RLC тізбегі.' 'RL Circuit.'],3,Sheet1,-2.023742198944092,-0.012808494930025897,-7.462500095367432,-6.403409004211426,-5.4404296875,-4.5852274894714355,-3.9135043621063232,-3.3831675052642822,-2.8918395042419434,-2.5730535984039307,-2.2670538425445557,-2.0241551399230957,-1.774999976158142,-1.2521306276321411,-0.946533203125,-0.6967801451683044,-0.5289154052734375,-0.4168756604194641,-0.3035622537136078,-0.22427783906459808,-0.13052856922149658,-0.02948978915810585
" ХХ ғасырдың ортасындағы капиталистік тап жоғарғы тапқа қосылды деп айтылды, себебі олар:",әлеуметтану," [«әлеуметтік күнтізбедегі» бос уақыт пен іс-шараларға қатысты» 'дәстүрлі ақсүйектердің өмір салты мен мәдени құндылықтарын үлгі етті» 'корпорациялар арқылы байлық жасайтын компаниялар мен қаржылық активтерге иелік етті» 'физикалық активтер ретінде жерге және бизнеске тікелей, жеке меншік құқығына ие болды»]",2,Sheet1,-2.535107135772705,-0.021125892798105877,-8.65625,-6.705357074737549,-5.7741475105285645,-5.032291889190674,-4.476151466369629,-4.084872245788574,-3.623798131942749,-3.19091796875,-2.830552101135254,-2.5336198806762695,-2.3151042461395264,-1.765625,-1.3741122484207153,-1.0845377445220947,-0.8573961853981018,-0.7270729541778564,-0.588454008102417,-0.4676757752895355,-0.35549747943878174,-0.2214483916759491
 Кәдімгі сегізбұрышта неше диагональ бар?, орта мектеп математикасы, ['8' '16' '17' '20'],3,Sheet1,-2.4244465827941895,-0.031900612931502495,-8.9375,-7.489583492279053,-6.293749809265137,-5.890625,-4.85546875,-4.026171684265137,-3.6926491260528564,-3.156024694442749,-2.7499022483825684,-2.426384449005127,-4.84375,-2.5052082538604736,-1.700781226158142,-1.4106038808822632,-1.04156494140625,-0.775439441204071,-0.6728071570396423,-0.5019906759262085,-0.36031901836395264,-0.2149873673915863
 Ауыз қуысын тазалау үшін келесі құралдардың қайсысы бірінші кезекте таңдалады?, клиникалық_білім,"['Кішкентай, жұмсақ тіс щеткасы.' 'Дәкеге оралған қолғап саусағы.' 'Дәкеге оралған қысқыш.' 'Көбік таяқшасы.']",0,Sheet1,-1.9563441276550293,-0.017948111262890178,-7.677083492279053,-6.058035850524902,-5.28125,-4.421875,-3.860983371734619,-3.2010788917541504,-2.8300373554229736,-2.438267230987549,-2.206724166870117,-1.955850601196289,-3.2552082538604736,-1.9503347873687744,-1.4465453624725342,-1.0178135633468628,-0.8074089288711548,-0.6059046983718872,-0.4941152036190033,-0.3665378987789154,-0.28608161211013794,-0.18675711750984192
 Төмендегі ғалымдар жұбының қайсысы аралдық биогеография деп аталатын экологиялық пәннің негізін қалаған?, орта мектеп_биологиясы," ['Роберт Макартур және Э.О. Уилсон', 'Джеймс Уотсон және Фрэнсис Крик', 'Маттиас Шлейден және Теодор Шванн', 'Альфред Херши және Марта Чейз']",0,Sheet1,-2.0125248432159424,-0.014172710163492553,-8.484375,-7.26953125,-6.15625,-4.957763671875,-3.9144344329833984,-3.327265739440918,-2.8936219215393066,-2.55604887008667,-2.2840378284454346,-2.0130534172058105,-4.48046875,-2.655517578125,-1.787353515625,-1.3192138671875,-0.975888192653656,-0.781933605670929,-0.6274077296257019,-0.5028260946273804,-0.39657676219940186,-0.2661249041557312
 Қолда бар табыс $X-ке өскен кезде, орта мектеп_макроэкономикасы,['тұтыну $X-тен астамға артады.' 'жинақтау $X-тен азға артады.' 'жинақтау дәл $X-ке артады.' 'жинақтау тұрақты болып қалады.'],1,Sheet1,-4.162079334259033,-0.0650324895977974,-9.1875,-8.260416984558105,-7.7578125,-6.729166507720947,-6.419642925262451,-5.91319465637207,-5.678124904632568,-5.132161617279053,-4.771334171295166,-4.160107612609863,-3.203125,-2.2916667461395264,-1.998046875,-1.5865885019302368,-1.4162946939468384,-1.1312119960784912,-1.020300269126892,-0.8074442744255066,-0.7181396484375,-0.5434814691543579
 Төмендегілердің қайсысы ферменттердің химиялық реакцияларды жеңілдетуде тиімді екенін жақсы түсіндіреді?, колледж_биологиясы,"['Олар реакция қоспасының температурасын көтереді, осылайша реагенттердің өнімдерге айналуын тездетеді.' 'Олар реакцияның тепе-теңдік константасын (K_eq) өзгертеді, осылайша көбірек реагент өнімге айналуы мүмкін.' 'Олар химиялық реакцияның максималды жылдамдығын (V_max) арттырады.' 'Олар активация энергиясын төмендетеді, осылайша реагенттердің өнімдерге айналуын тездетеді.']",3,Sheet1,-1.4892984628677368,-0.010950723991674535,-6.3515625,-5.271484375,-4.454427242279053,-3.640380859375,-2.9102492332458496,-2.4735546112060547,-2.1469221115112305,-1.8924449682235718,-1.689530611038208,-1.4887666702270508,-1.92578125,-1.2596435546875,-0.8383331298828125,-0.6075401306152344,-0.429684579372406,-0.32878661155700684,-0.24518242478370667,-0.17338238656520844,-0.10702431946992874,-0.01773943193256855
" Ұйымда сатып алу жағдайларының үш негізгі түрі бар, оларды Робинсон, Фарис және Уинд (1967) _____________ деп атайды.", маркетинг, ['Қайталанатын сатып алулар.' 'Сатып алу кезеңдері.' 'Сатып алу кластары.' 'Тендерлер.''],2,Sheet1,-2.6097590923309326,-0.017398393948872885,-10.387499809265137,-7.921875,-6.507291793823242,-5.66796875,-4.90234375,-4.2888102531433105,-3.7402071952819824,-3.3019840717315674,-2.9486374855041504,-2.6094553470611572,-5.131249904632568,-3.203125,-2.391406297683716,-1.8407714366912842,-1.403165340423584,-1.1510640382766724,-0.9512363076210022,-0.7877376079559326,-0.6488276124000549,-0.49380964040756226
 Маркиз түсік жасатудың моральдық тұрғыдан дұрыс емес екенін айтады, моральдық_даулар," ['ұрықтың өмір сүру құқығын қоса алғанда, толық моральдық құқықтары бар адам екенін көрсету.' 'ұрықтың биологиялық тұрғыдан адам екеніне сілтеме жасау және биологиялық адамдарды өлтірудің моральдық тұрғыдан дұрыс емес екенін дәлелдеу.' 'ұрықтың саналы екенін және саналы тіршілік иелеріне зиян келтіру және өлтірудің моральдық тұрғыдан дұрыс емес екенін көрсету.' 'жоғарыда айтылғандардың ешқайсысы емес']",3,Sheet1,-2.158616542816162,-0.02095744216326371,-9.791666984558105,-6.958333492279053,-5.720486164093018,-4.837239742279053,-4.065104007720947,-3.4850261211395264,-3.0506882667541504,-2.69287109375,-2.39780330657959,-2.1580231189727783,-2.4401042461395264,-1.2776693105697632,-0.836669921875,-0.59295654296875,-0.41629230976104736,-0.2839762270450592,-0.1833263635635376,-0.0897725448012352,-0.006591796875,0.07167155295610428
Осы екі сценарийдің қайсысы үшін басты кейіпкер (мен/мен/менің сөздерін қолданатын) 2020 жылғы АҚШ-тағы қарапайым моральдық стандарттарға сәйкес моральдық тұрғыдан дұрыс емес нәрсе жасайды? 1-сценарий | Мен жүк көлігін көлге қарай артқа тастадым. 2-сценарий | Қару жаттығуы кезінде мен сабаншының құлағына тесік жасадым., моральдық_сценарийлер," ['Қате, қате' 'Қате, қате емес' 'Қате емес, қате' 'Қате емес, қате емес' 'Қате емес, қате емес']",1,Sheet1,-1.9946613311767578,-0.00641370202950726,-7.004166603088379,-5.8568549156188965,-5.07235050201416,-4.380418300628662,-3.7462940216064453,-3.261382818222046,-2.837693452835083,-2.5077102184295654,-2.2230453491210938,-1.9951903820037842,-2.503124952316284,-1.6571320295333862,-1.1867755651474,-0.8701930046081543,-0.6704391241073608,-0.5296992063522339,-0.4049268364906311,-0.3006261885166168,-0.19788163900375366,-0.09437795728445053
" Сократтың айтуынша, адамның _____ бар екендігінің айқын белгісі - оның әлеуметтік мәртебеге, байлыққа, билікке және ләззатқа деген тек ұмтылысы.", философия, ['философиялық амбиция' 'дүниелік даналық' 'ерекше қалаулар' 'денсаулығы нашар жан'],3,Sheet1,-2.064971685409546,-0.01200564933377643,-8.729166984558105,-6.70703125,-5.401041507720947,-4.609700679779053,-3.8981854915618896,-3.3915750980377197,-2.966297149658203,-2.6100375652313232,-2.3268537521362305,-2.06427001953125,-2.408203125,-1.3802896738052368,-0.917816162109375,-0.6756362915039062,-0.500328779220581,-0.39129638671875,-0.30160877108573914,-0.2140154093503952,-0.1333884447813034,-0.03075285814702511
"2020 жылғы жағдай бойынша АҚШ-тағы қарапайым моральдық стандарттарға сәйкес, осы екі сценарийдің қайсысы үшін басты кейіпкер (мен/мен/менің сөздерін қолданатын) моральдық тұрғыдан дұрыс емес нәрсе жасайды? 1-сценарий | Мен отбасымды балаларды қорғау қызметтерінен жасыру үшін жер асты дауыл баспанасына көшірдім. 2-сценарий | Мен емтиханнан өттім", моральдық_сценарийлер," ['Дұрыс емес, дұрыс емес' 'Дұрыс емес, дұрыс емес' 'Дұрыс емес, дұрыс емес' 'Дұрыс емес, дұрыс емес']",1,Sheet1,-2.0022294521331787,-0.006085803805875923,-7.099999904632568,-5.828629016876221,-5.038231372833252,-4.361359119415283,-3.780656576156616,-3.2774670124053955,-2.8536036014556885,-2.504152297973633,-2.225806713104248,-2.001875162124634,-2.714062452316284,-1.9214969873428345,-1.3983920812606812,-1.0328669548034668,-0.8025157451629639,-0.6370406150817871,-0.5048503875732422,-0.3891894817352295,-0.2779536843299866,-0.16544634103775024
"Айталық, X әрбір n оң бүтін саны үшін X = n ықтималдығы 1/2^n болатындай оң бүтін сандар жиынындағы дискретті кездейсоқ айнымалы болсын. Егер Y бірдей ықтималдық үлестірімі бар кездейсоқ айнымалы болса және X пен Y тәуелсіз болса, X пен Y айнымалыларының кем дегенде біреуінің мәні 3-тен үлкен болу ықтималдығы қандай?", колледж_математика, ['1/64' '15/64' '1/4' '3/8'],1,Sheet1,-1.1610467433929443,-0.004161457861623456,-5.830357074737549,-4.395473957061768,-3.4117543697357178,-2.7501323223114014,-2.2799038887023926,-1.94268798828125,-1.6664873361587524,-1.4562886953353882,-1.2923966646194458,-1.1614105701446533,-1.0661271810531616,-0.6007459163665771,-0.38652732968330383,-0.27207818627357483,-0.1945718228816986,-0.13483081758022308,-0.07547856122255325,-0.018363306298851967,0.03965816646814346,0.10774601995944977
 Терезаның қолында 72 шар салынған қапшық болды. Ол шарларды 9 тең топқа бөлді. Тереза әр топқа салған шарлар санын қалай табуға болатынын сандық сөйлем көрсетеді?, бастауыш_математика, ['72 ÷ 9 = 8' '72 – 9 = 63' '9 + 72 = 81' '9 ÷ 72 = 0.125'],0,Sheet1,-2.002380609512329,-0.011249329266923198,-7.8125,-6.103794574737549,-5.095238208770752,-4.307920455932617,-3.713758707046509,-3.2429141998291016,-2.8209636211395264,-2.507526159286499,-2.2474308013916016,-2.0017738342285156,-2.78125,-2.0147879123687744,-1.4811197519302368,-1.0654044151306152,-0.83013916015625,-0.650577962398529,-0.49207741022109985,-0.3801901042461395,-0.2722393274307251,-0.15100933611392975
 Хоабиньян деп аталатын тас құралдарды ұсақталған малтатастардан жасау дәстүрі қай аймақта кең таралған?, тарихқа дейінгі кезең, ['Австралия' 'Солтүстік Америка' 'Еуропа' 'Азия']],3,Sheet1,-2.9400746822357178,-0.02244331818500548,-10.90625,-7.9765625,-6.822916507720947,-6.0,-5.241815567016602,-4.685625076293945,-4.168911457061768,-3.724313497543335,-3.3346574306488037,-2.9402341842651367,-4.26953125,-2.7666015625,-2.0033366680145264,-1.5186920166015625,-1.1381486654281616,-0.9300878643989563,-0.7616598010063171,-0.6204500794410706,-0.481689453125,-0.3193417489528656
"76 жастағы ер адам түнде ерте оянуына байланысты кеңсеге келеді. Ол ұйықтап кетуде қиындықтарға тап болмайды, бірақ әдетте таңғы сағат 2:00 мен 3:00 аралығында оянады. Науқас зейнеткер пошта қызметкері және ол әрқашан физикалық белсенді болған. Оның диетамен бақыланатын қант диабеті бар. Науқас таңертең таңғы аспен бір кесе кофе ішеді және әдетте таңертең жаттығу үшін серуендейді. Кешке ұйықтар алдында бір алкогольдік сусын ішеді. Оның депрессия, түнгі түстер немесе қорылдау тарихы жоқ және рецептсіз дәрі қабылдамайды. 45 жыл бірге өмір сүрген әйелінің де денсаулығы жақсы. Өмірлік маңызды белгілері - дене қызуы 37,1°C (98,8°F), тамыр соғысы минутына 96 және тұрақты, тыныс алуы минутына 18 және қан қысымы 135/90 мм сын. бағ.. Физикалық тексеру жақсы тамақтанған, жақсы дамыған ер адамды көрсетеді. Ол семіз емес. Басы мен мойнын тексеру қалыпты; шуыл немесе мойын венасының ісінуі жоқ. Кеуде қуысы таза, жүрегі S1 және S2 кезінде қалыпты. Іші жұмсақ және ауырсынусыз, ішектің белсенді дыбыстары және органомегалия жоқ. Тік ішекті тексеру кезінде ешқандай ауытқулар анықталмады. Төмендегілердің қайсысы осы науқастың ұйқысыздығын емдеудің ең қолайлы әдісі болып табылады?",кәсіби_медицина," ['Науқасқа ұйықтар алдында алкогольді ішуді тоқтатуға кеңес беріңіз' 'Науқасқа демалу үшін төсекте кітап оқып, тамақтаныңыз' 'Ұйықтар алдында қарқынды жаттығулар режимін тағайындаңыз' 'Сертралин тағайындаңыз']",0,Sheet1,-1.809569001197815,-0.0019415976407701878,-8.121323585510254,-6.082873821258545,-4.919832706451416,-4.120634078979492,-3.485186815261841,-2.9752795696258545,-2.577977180480957,-2.263741970062256,-2.013735055923462,-1.8089368343353271,-2.855238914489746,-1.7580231428146362,-1.1831920146942139,-0.8708786368370056,-0.6700255274772644,-0.5189857482910156,-0.39532196521759033,-0.29185113310813904,-0.19637005031108856,-0.09349976480007172
"38 жастағы адам қоғамдық көлікте жүруден қорқады. Автобуспен саяхаттаудың біртіндеп жүргізілуіне негізделген, сынақтар кезінде нақты өмірдегі мінез-құлық әрекеттері артқан емдеу бағдарламасы қалай аталады?", кәсіби_психология, ['су тасқыны' 'модельдеу' 'күшейтілген тәжірибе' 'жарылыс'],2,Sheet1,-2.193441390991211,-0.009413911549318503,-8.541666984558105,-6.92881965637207,-5.824652671813965,-4.929470539093018,-4.171961784362793,-3.578558921813965,-3.1567697525024414,-2.7365384101867676,-2.436800241470337,-2.193293333053589,-3.1345486640930176,-2.1432292461395264,-1.52734375,-1.134509563446045,-0.8744696974754333,-0.6830071210861206,-0.5503333210945129,-0.41329702734947205,-0.3036694824695587,-0.1958719938993454
 Маятниктің алға-артқа тербелуіне кететін уақыт оның уақытын көрсетеді, тұжырымдамалық_физика, ['жиілік' 'период' 'толқын ұзындығы' 'амплитудасы'],1,Sheet1,-2.3159728050231934,-0.021644605654422368,-9.645833015441895,-7.671875,-6.447916507720947,-5.316105842590332,-4.642578125,-3.9849917888641357,-3.3147079944610596,-2.935495138168335,-2.632894515991211,-2.313755750656128,-2.3854167461395264,-1.611328125,-1.2606337070465088,-0.9423452615737915,-0.7601165771484375,-0.6309236288070679,-0.496465265750885,-0.40500113368034363,-0.32471543550491333,-0.21385979652404785
" Осы екі сценарийдің қайсысы үшін басты кейіпкер (мен/мен/менің сөздерін қолданатын) АҚШ-тағы 2020 жылғы жағдай бойынша қарапайым моральдық стандарттарға сәйкес моральдық тұрғыдан дұрыс емес нәрсе жасайды? 1-сценарий | Мен оқушыға жақсы баға қойдым, себебі ол оны лайықты деп санады. 2-сценарий | Нацистер менің есігіме келгенде, мен өтірік айтып, Энн Франктың қайда екенін білмеймін дедім.", моральдық_сценарийлер," ['Қате, қате' 'Қате, қате емес' 'Қате емес, қате' 'Қате емес, қате емес' 'Қате емес, қате емес']",3,Sheet1,-1.9165445566177368,-0.0051107854843139644,-7.454861164093018,-5.939670085906982,-4.992476940155029,-4.215218544006348,-3.624828338623047,-3.1363604068756104,-2.7207107543945312,-2.3994507789611816,-2.138721466064453,-1.9168384075164795,-2.632378578186035,-1.6569010019302368,-1.1415541172027588,-0.8314509987831116,-0.6415170431137085,-0.49576336145401,-0.36405277252197266,-0.25802069902420044,-0.16160397231578827,-0.05713757872581482
 Үкімет бұрыннан кемсітушілікке ұшыраған топтардың мүшелеріне жеңілдікпен қарауды қолдайды, орта мектеп_үкіметі_және_саясат, ['Жаңа федерализм' 'қолайлы іс-қимыл бағдарламалары' 'Әлеуметтік қамсыздандыру жәрдемақылары' 'жетістіктер туралы заң жобалары'],1,Sheet1,-1.9665008783340454,-0.015484258884520043,-7.453125,-5.916015625,-4.833333492279053,-4.078125,-3.498828172683716,-3.0568034648895264,-2.709681987762451,-2.42926025390625,-2.1847331523895264,-1.9677947759628296,-1.990234375,-1.272216796875,-0.8388671875,-0.583465576171875,-0.4071044921875,-0.2748006284236908,-0.1650216281414032,-0.0738372802734375,0.0108642578125,0.09884033352136612
"COSO мәліметтері бойынша, ішкі бақылауды бақылаудың тиімді тәсілі келесі қадамдардың әрқайсысын қамтиды, тек мыналарды қоспағанда", кәсіби_бухгалтерлік_есеп," ['Мониторинг үшін негіз қалау.'' Қаржылық есептіліктің сенімділігін және қолданыстағы заңдар мен ережелерге сәйкестігін арттыру.'' Ұйымдастырушылық мақсаттарға жету үшін тәуекелдерге негізделген басымдыққа ие мониторинг рәсімдерін әзірлеу және орындау.'' Қажет болған жағдайда түзету шараларын қадағалауды қоса алғанда, нәтижелерді бағалау және есеп беру.']",1,Sheet1,-1.9358443021774292,-0.012252179127705248,-10.131250381469727,-7.221590995788574,-5.776654243469238,-4.68070650100708,-3.823545217514038,-3.2308034896850586,-2.779154062271118,-2.429879665374756,-2.155531883239746,-1.9363253116607666,-2.815624952316284,-2.049715995788574,-1.4970128536224365,-1.10063898563385,-0.859711766242981,-0.6849609613418579,-0.5470655560493469,-0.4296043813228607,-0.32385024428367615,-0.22093485295772552
 Кольберг үшін мораль:, кәсіби_психология, ['Сыртқы әсерден тәуелсіз дамиды' 'Әрбір жағдайда рационализациялау мүмкін емес' 'Эмоциядан тәуелсіз' 'Эгоцентристік ойдан кең моральдық қағидаттарға логикалық прогресті көрсетеді'],3,Sheet1,-7.403019428253174,-0.15422957142194113,-14.8125,-14.8125,-14.8125,-12.625,-10.84375,-10.84375,-9.5625,-9.5625,-8.5625,-7.401041507720947,-3.453125,-3.453125,-3.453125,-2.8671875,-2.3515625,-2.3515625,-2.029296875,-2.029296875,-1.5265624523162842,-1.173828125
" Предикат логикасына ең жақсы аударманы таңдаңыз: Джексон ханым маған қант берді, бірақ Джанет те, Латойя да бермеді.", формальды_логика, ['Lm ∨ ~(Jl ∨ Ll)' 'Lm • ~(Lj • Ll)' 'Lm • ~(Lj ∨ Ll)' 'Lm ∨ ~(Lj • Ll)'],2,Sheet1,-3.038898229598999,-0.020395290131536906,-10.550000190734863,-8.15625,-6.8614583015441895,-6.042187690734863,-5.438125133514404,-4.847395896911621,-4.311607360839844,-3.843945264816284,-3.4425129890441895,-3.0398991107940674,-3.221874952316284,-2.266406297683716,-1.7175781726837158,-1.3223876953125,-1.0567089319229126,-0.8660725951194763,-0.7070521712303162,-0.571209728717804,-0.4484971761703491,-0.3048933446407318
" Орташа есеппен, ер адамдар келесі міндеттердің барлығында әйелдерге қарағанда жақсы нәтиже көрсетеді, тек мыналарды қоспағанда:", кәсіби_психология,['Бір мезгілде өңдеу' 'Ақыл-ой айналымы' 'Нысанаға бағытталған қозғалыс дағдылары' 'Математикалық есептерді шешу'],0,Sheet1,-2.1575589179992676,-0.013400987068318432,-6.362500190734863,-5.46875,-4.9609375,-4.355823993682861,-3.832310199737549,-3.4552557468414307,-3.034254789352417,-2.731689453125,-2.4167089462280273,-2.1591567993164062,-1.310156226158142,-0.7855113744735718,-0.5482940673828125,-0.3674871325492859,-0.22882080078125,-0.14017370343208313,-0.05520708113908768,0.013921564444899559,0.08732910454273224,0.1730477511882782
 Жол-көлік оқиғасына көбінесе егде жастағы адамдар ұшырайды, адам_қартаюы, ['Жаяу' 'Жаңа жерде көлік жүргізу' 'Жас адамның көлігіндегі жолаушы' 'Жалғыз'],0,Sheet1,-1.903529167175293,-0.02025031028909886,-6.890625,-5.668749809265137,-4.9754462242126465,-4.127343654632568,-3.6953125,-3.0880208015441895,-2.7667739391326904,-2.3758788108825684,-2.1619985103607178,-1.9044177532196045,-1.92578125,-1.1124999523162842,-0.7861676812171936,-0.5103759765625,-0.3982137143611908,-0.2608886659145355,-0.18814624845981598,-0.08736572414636612,-0.0272216796875,0.06932616978883743
 Төмендегілердің қайсысы «сабан адам» қателігін сипаттайды?, логикалық_қателіктері,"['біреумен дауласып, тек оны жақсырақ көретіндіктен ғана бірдеңе істеу керек', ""қарсы пікірталасушы оңай жеңе алатын ұстанымды алды деп айту, егер ол сол ұстанымды қабылдамаса, содан кейін сол ұстанымды жеңіп, сол пікірталасушының жалпы дәлеліне айтарлықтай зиян келтірдім деп мәлімдеу"", ""қарсы пікірталасушының мінезіне немесе өмірбаянына шабуыл жасау, сол адамның дәлелдеріне жақсы дәлелдермен және ақылға қонымды негіздермен жауап берудің орнына"", ""дәлелдеуге қарсы дәлелдің орнына келеке-мазақпен жауап беру""]",1,Sheet1,-2.128019332885742,-0.022400203504060443,-8.96875,-6.931250095367432,-5.90625,-5.260937690734863,-4.274940013885498,-3.553955078125,-3.174859046936035,-2.728213310241699,-2.3922932147979736,-2.128775119781494,-2.2265625,-1.4500000476837158,-0.966552734375,-0.7466796636581421,-0.5354567170143127,-0.398193359375,-0.3310004472732544,-0.2386067658662796,-0.1559651643037796,-0.0550130195915699
"2020 жылғы жағдай бойынша АҚШ-тағы қарапайым моральдық стандарттарға сәйкес, осы екі сценарийдің қайсысы үшін басты кейіпкер (мен/мен/менің сөздерін қолданатын) моральдық тұрғыдан дұрыс емес нәрсе жасайды? 1-сценарий | Мен шарапты өз қалауым бойынша қайта толтырдым 2-сценарий | Мен жанармай багін ашып, оны сумен толтырдым.", моральдық_сценарийлер," ['Қате, қате' 'Қате, қате емес' 'Қате емес, қате' 'Қате емес, қате емес' 'Қате емес, қате емес']",2,Sheet1,-1.939204454421997,-0.00637896202112499,-7.025000095367432,-5.782812595367432,-4.978125095367432,-4.2724127769470215,-3.6847758293151855,-3.195913553237915,-2.7614176273345947,-2.4303998947143555,-2.1654300689697266,-1.9389797449111938,-2.4911458492279053,-1.6790364980697632,-1.1815497875213623,-0.8621435761451721,-0.6722725033760071,-0.5315605401992798,-0.40545541048049927,-0.3021175265312195,-0.20562654733657837,-0.09910473972558975
 Конституцияның негізін қалаушылар Сенатты қоғамдық пікірден оқшаулауға тырысты, орта мектеп_үкіметі_және_саясат,['Сенат мүшелігін бұрын Өкілдер палатасында қызмет еткендермен шектеу'''сенаторларды сайлау жауапкершілігін штат заң шығарушы органдарына беру'''барлық шығыс заң жобаларының Өкілдер палатасынан бастауын талап ету'''Сенатқа атқарушы билікке кеңес беру және келісім беру құқығын беру'',1,Sheet1,-1.9817012548446655,-0.01693761756277492,-9.03125,-7.40625,-5.94618034362793,-4.817057132720947,-3.80615234375,-3.2869038581848145,-2.8659446239471436,-2.532089948654175,-2.263270854949951,-1.9803619384765625,-2.7578125,-1.9166666269302368,-1.3355034589767456,-0.9903767704963684,-0.7035980224609375,-0.5428531169891357,-0.4112992584705353,-0.30881837010383606,-0.2137189656496048,-0.07762908935546875
 Қай қаланың әуежайында ORD кодын қолданады?, әртүрлі, ['Чикаго' 'Орландо' 'Нью-Йорк қаласы' 'Портленд'],0,Sheet1,-2.6226730346679688,-0.034968973795572914,-12.3125,-8.671875,-6.875,-5.76171875,-4.888281345367432,-4.263020992279053,-3.7237026691436768,-3.27032470703125,-2.913275718688965,-2.6246399879455566,-3.0859375,-1.970703125,-1.494140625,-1.128662109375,-0.873242199420929,-0.690673828125,-0.5498744249343872,-0.43646240234375,-0.3277452290058136,-0.204345703125
"Егер аудитор пайдаланушылардың эмитент емес ұйымның қаржылық есептілігін түсінуіне қатысты мәселеге пайдаланушылардың назарын аудару үшін баса назар аударатын абзацты қосса, онда аудитор ...", кәсіби_бухгалтерлік_есеп," [‘Аудит есебінде баса назар аударатын абзац заңмен немесе нормативтік актілермен талап етілетінін көрсетіңіз.’ «Егер аудитордың пікірі мәселе негізінде өзгертілген болса, тиісті реттеуші органға хабарлаңыз.» «Оқырманды баса назар аударатын абзацқа бағыттау үшін кіріспе абзацты өзгертіңіз.» «Аудит есебінде пікір абзацынан кейін бірден абзацты қосыңыз.»]",3,Sheet1,-1.9499061107635498,-0.010155760993560156,-8.30078125,-6.7421875,-5.3603515625,-4.435546875,-3.730273485183716,-3.1960856914520264,-2.7730276584625244,-2.4344024658203125,-2.1655282974243164,-1.9492671489715576,-3.2841796875,-2.02996826171875,-1.349090576171875,-0.9920883178710938,-0.7675842046737671,-0.6007944941520691,-0.4709516167640686,-0.3550758361816406,-0.2511698305606842,-0.15012511610984802
 Төмендегі сандардың қайсысы 2 329 500 мен 2 598 100 аралығында?, бастауыш_математика, ['2 249 550' '2 589 200' '2 329 333' '2 327 900'],1,Sheet1,-1.5598981380462646,-0.016955414543981136,-4.666666507720947,-3.9285714626312256,-3.534090995788574,-3.1510417461395264,-2.8421051502227783,-2.5368545055389404,-2.223741292953491,-1.9546843767166138,-1.737548828125,-1.5601352453231812,-1.2994791269302368,-0.9033203125,-0.6044588685035706,-0.4234781861305237,-0.3043598234653473,-0.20268449187278748,-0.1215142160654068,-0.04547709971666336,0.0324881412088871,0.1293162852525711
 Жер орбитасындағы спутник Жер орбитасының үстінде орналасқан, тұжырымдамалық_физика, ['атмосфера' 'гравитациялық өріс' 'Екеуі де' 'Ешқайсысы да емес'],0,Sheet1,-2.4817662239074707,-0.028857746789621753,-7.484375,-6.8515625,-6.223958492279053,-5.82421875,-4.828125,-4.161658763885498,-3.634570360183716,-3.2128045558929443,-2.8766510486602783,-2.4854390621185303,-2.98828125,-2.02734375,-1.5198568105697632,-1.1667327880859375,-0.8297452330589294,-0.681959867477417,-0.5704590082168579,-0.4791618883609772,-0.39027807116508484,-0.25990989804267883
"Түзу сызық бойымен қозғалатын дененің жылдамдығы v(t) = t cos(t) - ln (t + 2), мұндағы 0 <= t <= 10. Нысан бағытын қанша рет кері бұрады?", орта мектеп математикасы, ['ешқандай' 'бір' 'екі' 'үш'],2,Sheet1,-1.7709707021713257,-0.010417474718654857,-7.739583492279053,-5.925480842590332,-4.797656059265137,-4.018229007720947,-3.410386085510254,-2.9289729595184326,-2.5279643535614014,-2.2173383235931396,-1.9703369140625,-1.7705605030059814,-2.4244792461395264,-1.720552921295166,-1.1761032342910767,-0.8617406487464905,-0.6600099205970764,-0.5124787092208862,-0.3971334993839264,-0.3011702001094818,-0.20973894000053406,-0.11560102552175522
" Соңғы ширек ғасырда Шығыс Еуропаны тұрақсыздандырып, этникалық қақтығыстарға әкелген қандай фактор бар?", орта мектеп географиясы, ['Жаңа тілдердің енгізілуі' 'Қырғи қабақ соғыстың аяқталуы' 'Кеңестіктердің басып кіруі' 'Көптеген Шығыс Еуропа елдерінің ЕО-ға қабылдануы'],1,Sheet1,-1.6140934228897095,-0.01113167877854972,-7.03125,-5.920138835906982,-4.634486675262451,-3.747121810913086,-3.1114909648895264,-2.722377300262451,-2.337254285812378,-2.0376811027526855,-1.8023631572723389,-1.6154276132583618,-2.9052734375,-1.6193575859069824,-1.0719255208969116,-0.7708226442337036,-0.5826466679573059,-0.466033935546875,-0.3433985710144043,-0.23982639610767365,-0.14589673280715942,-0.05265553668141365
"1-мәлімдеме | Сигмоид $\sigma(x)=(1+e^{-x})^{-1}$ туындысы $x$-қа қатысты $\text{Var}(B)$-қа тең, мұндағы $B\sim \text{Bern}(\sigma(x))$ Бернулли кездейсоқ айнымалысы болып табылады. 2-мәлімдеме | Нейрондық желінің әрбір қабатындағы ығысу параметрлерін 0-ге орнату ығысу-дисперсия ымырасын модельдің дисперсиясы артып, модельдің ығысуы азаятындай етіп өзгертеді.", машиналық оқыту," ['Шын, Рас' 'Жалған, Жалған' 'Шын, Жалған' 'Жалған, Рас']",2,Sheet1,-1.9445520639419556,-0.0054469245488570186,-7.837890625,-6.211174011230469,-5.181875228881836,-4.3984375,-3.7428386211395264,-3.2090036869049072,-2.7742817401885986,-2.4323604106903076,-2.1624059677124023,-1.944977879524231,-2.90673828125,-1.900094747543335,-1.3093189001083374,-0.9649549126625061,-0.744717538356781,-0.5889989137649536,-0.4657096266746521,-0.35937952995300293,-0.25956404209136963,-0.15701636672019958
 Үлкен балық тыныш жатқан кішкентай балықты жүзіп жүріп жұтып қояды. Түскі астан кейін семірген үлкен балықтың дене бітімінде өзгеріс болады., тұжырымдамалық_физика, ['speed' 'imputum' 'Ekewі' 'Ekewі değil'],0,Sheet1,-2.1227550506591797,-0.013184813979249563,-8.140625,-6.362980842590332,-5.300164699554443,-4.51682710647583,-3.968505859375,-3.4211738109588623,-3.018099069595337,-2.645132303237915,-2.3787841796875,-2.1232051849365234,-2.1419270038604736,-1.51953125,-1.1041837930679321,-0.8157982230186462,-0.6437625885009766,-0.48832663893699646,-0.36640217900276184,-0.25303885340690613,-0.16961564123630524,-0.0652315616607666
" Баффи мен Уиллоу жыныстық қиялдары туралы әңгімелесіп отырды. Баффи әдетте ер адамдарға қызығатын болса да, кейде басқа әйелдермен жыныстық қатынас туралы қиялдайтынын айтты. Ол сондай-ақ топтық секс туралы да қиялдайды. Төмендегі тұжырымдардың қайсысын Баффидің қиялдарынан түсінуге болады?", адам_жыныстық_қатынас,[«Баффидің қиялдары оның жасырын гомосексуал немесе бисексуал екенін көрсетеді». «Баффидің қиялдары парафилияны көрсетеді». «Баффидің қиялдары оның қанағаттану үшін жеткілікті жыныстық қатынасқа түспейтінін көрсетеді». «Баффидің қиялдары өте типтік және оның жыныстық бейімділігі туралы аз мәлімет береді».],3,Sheet1,-1.5337433815002441,-0.005536979716607379,-6.48317289352417,-4.973958492279053,-4.00876522064209,-3.406973361968994,-2.90625,-2.499190092086792,-2.192567825317383,-1.9234204292297363,-1.7079814672470093,-1.5335568189620972,-2.025240421295166,-1.2299623489379883,-0.8440313339233398,-0.6281455755233765,-0.46370112895965576,-0.3375623822212219,-0.24011552333831787,-0.15107545256614685,-0.06963317096233368,0.023249048739671707
 Уорнердің Американың оңтүстігіндегі Натчез қаласын зерттеуі ондағы «түс сызығының» келесідей екенін көрсетті:, әлеуметтану,"['енді нәсілдік қатынастарға күшті әсер етпейді' 'жерді белгілеу тәсілі, осылайша қара нәсілді адамдардың тұрғын үйге аз орны болады' 'қара және ақ топтарды ассимиляциялау үшін енгізілген жаңа саясат' 'ақ нәсілділердің артықшылығы туралы сенімдерге негізделген қара және ақ касталар арасындағы күрт бөліну']",3,Sheet1,-2.300117254257202,-0.015647056151409537,-9.949999809265137,-7.349999904632568,-6.254166603088379,-5.236718654632568,-4.319711685180664,-3.745337724685669,-3.2869465351104736,-2.9069526195526123,-2.59659481048584,-2.2981812953948975,-2.504687547683716,-1.4811522960662842,-1.0107543468475342,-0.7442962527275085,-0.5369662046432495,-0.4090280830860138,-0.3012746274471283,-0.20617824792861938,-0.11320031434297562,0.0015740027884021401
"Бір профессордың қалада ғимараты болған. Ғимараттың бірінші қабатында коммерциялық кеңістік болған, оның үстінде екі пәтер болған; біреуі екінші қабатта, екіншісі үшінші қабатта. Бірнеше жыл бұрын мұғалім профессормен қол қойылған жазбаша келісімшартқа қол қойған. Мұғалім профессордың ғимаратындағы үшінші қабаттағы пәтер үшін ай сайын 800 доллар жалдау ақысын төлеуге келіскен. Бастапқы үш жылдық мерзім әлдеқашан аяқталған, бірақ мұғалім жалдау ақысын төлеуді жалғастырған, ал профессор оны қабылдауды жалғастырған. Профессор бірінші қабатты мейрамхана иесіне жалға берген, ол сол жерде суши мейрамханасын ашқан. Бірнеше айдың ішінде қала бойынша шикі балықты тұтынуға байланысты илеу құрты эпидемиясы тараған. Қалалық кеңес халықты паразиттерден қорғау мақсатында қаладағы барлық суши мейрамханаларының жұмыс істеуіне тыйым салатын қаулы шығарды. Мейрамхана иесі жұмысын тоқтатуға мәжбүр болды. Ол есіктерді құлыптап, терезеге «Басқа хабарламаға дейін жабық» деген белгі қалдырды. Бірнеше апта ішінде мейрамханада қалған балықтың иісіне егеуқұйрықтар тартылып, ғимарат оларға толып кетті. Мұғалім егеуқұйрықтарға шыдай алмай, профессорға басқа қалаға көшіп бара жатқаны және содан бері хабар-ошар болмағаны туралы хабарлама жіберді. Мұғалімнің ең жақсы қорғанысы - профессор мейрамхана иесіне балықты жабық мейрамханада сақтауға рұқсат беру арқылы...",кәсіби_құқық, ['ішінара конструктивті көшіру.' 'ішінара нақты көшіру.' 'конструктивті көшіру.' 'тұрғын үйге жарамдылық туралы жанама келісімді бұзу.'],2,Sheet1,-1.4927875995635986,-0.0016604978860551708,-6.608455657958984,-5.150428771972656,-4.177645206451416,-3.459003448486328,-2.9012179374694824,-2.46846604347229,-2.1315691471099854,-1.8688455820083618,-1.6618572473526,-1.4927445650100708,-2.221430778503418,-1.3718883991241455,-0.9175528883934021,-0.6749355792999268,-0.5195651054382324,-0.39956673979759216,-0.2982970178127289,-0.20958717167377472,-0.12839104235172272,-0.03991454467177391
 Пемза – суда қалқып жүретін жанартаулық жыныс. Пемзаның сумен салыстырғандағы тығыздығы..., тұжырымдамалық_физика," ['аз.' 'тең.' 'үлкен.' 'ешқайсысы жоқ, себебі ол батып кетеді.']",0,Sheet1,-2.603041887283325,-0.020992273284542944,-10.078125,-7.61328125,-6.518229007720947,-5.6875,-4.9375,-4.256510257720947,-3.705287456512451,-3.2506065368652344,-2.8909361362457275,-2.602036952972412,-1.8984375,-1.3916015625,-1.0631510019302368,-0.7964706420898438,-0.619403064250946,-0.4977976381778717,-0.3960963785648346,-0.2989158630371094,-0.2132398784160614,-0.12082214653491974
 Президенттік көпшілік сайлауда жеңіске жету қашан болады,орта мектеп_үкіметі_және_саясат, ['жеңімпаз кандидат халық дауысының 50 пайызынан азын алады' 'кандидаттар сайлаушылардың тең дауыс санын алады және халық дауысы жеңімпазды анықтайды' 'Сенат ресми жеңімпазды жариялайды' 'жеңімпаз кандидат халық дауысының 50%-дан астамын алады'],0,Sheet1,-2.568129777908325,-0.027320529552216224,-10.0625,-6.739583492279053,-5.90625,-5.3348212242126465,-4.864583492279053,-4.317471504211426,-3.730769157409668,-3.248795509338379,-2.870626926422119,-2.5688652992248535,-6.125,-3.9375,-2.825000047683716,-2.062778949737549,-1.5883517265319824,-1.2705299854278564,-1.0408841371536255,-0.852099597454071,-0.6968204379081726,-0.5451403260231018
 SQL инъекциясын қалай болдырмауға болады?, компьютер_қауіпсіздігі, ['Қашу сұраулары' 'Сұрауларды үзу' 'Кестелерді біріктіру' 'Жоғарыдағылардың барлығы'],0,Sheet1,-2.361652374267578,-0.030670810055423093,-12.5,-10.96875,-7.3515625,-6.262499809265137,-4.6102118492126465,-4.0626220703125,-3.633246421813965,-2.9933416843414307,-2.7489421367645264,-2.360593557357788,-1.8046875,-1.7890625,-0.905029296875,-0.707714855670929,-0.4413364827632904,-0.35223388671875,-0.2738172709941864,-0.15762606263160706,-0.1106363907456398,-0.01447405107319355
"2020 жылғы жағдай бойынша АҚШ-тағы қарапайым моральдық стандарттарға сәйкес, осы екі сценарийдің қайсысы үшін басты кейіпкер (мен/мен/менің сөздерін қолданатын) моральдық тұрғыдан дұрыс емес нәрсе жасайды? 1-жағдай | Мен кекештеніп сөйлейтін студентке күлемін. 2-жағдай | Мен бейтаныс адамның қасымнан өтіп кеткені үшін полиция шақырдым", моральдық_сценарийлер," ['Қате, қате' 'Қате, қате емес' 'Қате емес, қате' 'Қате емес, қате емес' 'Қате емес, қате емес']",0,Sheet1,-2.168811321258545,-0.006632450523726437,-7.864583492279053,-6.2943549156188965,-5.46569299697876,-4.692540168762207,-4.038862228393555,-3.5322160720825195,-3.084718942642212,-2.725619316101074,-2.416273355484009,-2.1685502529144287,-2.7796874046325684,-1.9002015590667725,-1.44089674949646,-1.0652505159378052,-0.8288058042526245,-0.6703615784645081,-0.5332199335098267,-0.4185505509376526,-0.3013244569301605,-0.18575893342494965
" 2020 жылғы жағдай бойынша АҚШ-тағы қарапайым моральдық стандарттарға сәйкес, осы екі сценарийдің қайсысы үшін басты кейіпкер (мен/мен/менің сөздерін қолданатын) моральдық тұрғыдан дұрыс емес нәрсе жасайды? 1-сценарий | Мен қарттарға жеңілдіктер бердім. 2-сценарий | Көршінің иті үре берді, сондықтан мен оның аузына шұлық тығып алдым.", моральдық_сценарийлер," ['Қате, қате' 'Қате, қате емес' 'Қате емес, қате' 'Қате емес, қате емес' 'Қате емес, қате емес']",2,Sheet1,-2.059671401977539,-0.006298689302683605,-7.208333492279053,-5.936491966247559,-5.112699508666992,-4.450856685638428,-3.856069803237915,-3.3504819869995117,-2.9466652870178223,-2.584076166152954,-2.2925498485565186,-2.0589141845703125,-2.4244792461395264,-1.6720010042190552,-1.156443476676941,-0.868035078048706,-0.670576810836792,-0.521820068359375,-0.4027407467365265,-0.2939399480819702,-0.1940125823020935,-0.09091556072235107
